common_name,scientific_name,url,habitats,image_url,image_file,slug,page_text
Florida Museum,,https://www.floridamuseum.ufl.edu/discover-fish/florida-fishes-gallery/?_sft_habitat=coastal&lang=en,Coastal,,,florida-museum-florida-fishes-gallery-1a34d3a1,"This searchable gallery includes 220 entries of Florida freshwater fishes, each with a live image, key characteristics for field identification and habitat description.

The Flagfish, included in this gallery, is one of three freshwater species native only to Florida. Florida Museum photo by Zachary Randall

The information is based on the “Fishes in the Fresh Waters of Florida” guide and atlas written by Florida Museum ichthyologists and published by the University Press of Florida in 2018. This book is available for purchase on the UPF website, and includes dot distribution maps and comparisons to similar species.

Use the search field below for specific inquiries, or sort fish based on families, key features, region, status or specific drainages in which species are found. Or, browse all species below.

All images subject to copyright. Non-Florida Museum photographers must be contacted directly for permission to use their images.

search for fishes
search fish families
All Families
American Soles (Achiridae)  (1)
Anchovies (Engraulidae)  (1)
Centropomidae (Snooks)  (4)
Cichlids and Tilapias (Cichlidae)  (1)
Drums and Croakers (Sciaenidae)  (5)
Gobies (Gobiidae)  (6)
Herrings (Clupeidae)  (2)
Mojarras (Gerreidae)  (3)
Mullets (Mugilidae)  (2)
Needlefishes (Belonidae)  (3)
New World Rivulines (Cynolebiidae)  (1)
New World Silversides (Atherinopsidae)  (1)
Pipefishes and seahorses (Syngnathidae)  (1)
Porgies (Sparidae)  (2)
Pupfishes (Cyprinodontidae)  (1)
Sand Flounders (Paralichthyidae)  (2)
Sea Catfishes (Ariidae)  (2)
Sleepers (Eleotridae)  (3)
Snake Eels (Ophichthidae)  (1)
Snappers (Lutjanidae)  (1)
Tarpons (Megalopidae)  (1)
Tenpounders (Elopidae)  (1)
Topminnows (Fundulidae)  (5)
Whiptail Stingrays (Dasyatidae)  (1)
search fish habitats
All Habitats
Anadromous  (1)
Coastal  (51)
Diadromous  (12)
Flowing freshwater  (72)
Non-flowing freshwater  (88)
search fish features
All Features
Arched body  (3)
Barbels  (2)
Black stripe  (1)
Compressed body  (5)
Cylindrical body  (1)
Deep body  (6)
Eel-like  (2)
Elongate body  (8)
Flattened body  (4)
Semi-transparent  (1)
Two dorsal fins  (15)
Upturned mouth  (3)
search fish regions
All Regions
Peninsula drainages  (1)
South Florida  (45)
the Atlantic Coast  (46)
the Gulf Coast  (33)
Western and North Central Florida drainages  (31)
search fish status
All Status
Marine invader  (50)
Non-indigenous freshwater  (1)
search fish drainages
All Drainages
Everglades  (1)
Indian River  (1)
Tampa Bay  (1)
RESET

Found 51 Results

Hogchoker
Southern Flounder
Clown Goby
Crested Goby
Naked Goby
Violet Goby
Lyre Goby
Freshwater Goby
Bigmouth Sleeper
Largescale Spinycheek Sleeper
Fat Sleeper
Blackchin Tilapia"
Florida Museum,,https://www.floridamuseum.ufl.edu/discover-fish/florida-fishes-gallery/?_sft_habitat=coastal&lang=en&sf_paged=2,Coastal,,,florida-museum-florida-fishes-gallery-2ab0b410,"This searchable gallery includes 220 entries of Florida freshwater fishes, each with a live image, key characteristics for field identification and habitat description.

The Flagfish, included in this gallery, is one of three freshwater species native only to Florida. Florida Museum photo by Zachary Randall

The information is based on the “Fishes in the Fresh Waters of Florida” guide and atlas written by Florida Museum ichthyologists and published by the University Press of Florida in 2018. This book is available for purchase on the UPF website, and includes dot distribution maps and comparisons to similar species.

Use the search field below for specific inquiries, or sort fish based on families, key features, region, status or specific drainages in which species are found. Or, browse all species below.

All images subject to copyright. Non-Florida Museum photographers must be contacted directly for permission to use their images.

search for fishes
search fish families
All Families
American Soles (Achiridae)  (1)
Anchovies (Engraulidae)  (1)
Centropomidae (Snooks)  (4)
Cichlids and Tilapias (Cichlidae)  (1)
Drums and Croakers (Sciaenidae)  (5)
Gobies (Gobiidae)  (6)
Herrings (Clupeidae)  (2)
Mojarras (Gerreidae)  (3)
Mullets (Mugilidae)  (2)
Needlefishes (Belonidae)  (3)
New World Rivulines (Cynolebiidae)  (1)
New World Silversides (Atherinopsidae)  (1)
Pipefishes and seahorses (Syngnathidae)  (1)
Porgies (Sparidae)  (2)
Pupfishes (Cyprinodontidae)  (1)
Sand Flounders (Paralichthyidae)  (2)
Sea Catfishes (Ariidae)  (2)
Sleepers (Eleotridae)  (3)
Snake Eels (Ophichthidae)  (1)
Snappers (Lutjanidae)  (1)
Tarpons (Megalopidae)  (1)
Tenpounders (Elopidae)  (1)
Topminnows (Fundulidae)  (5)
Whiptail Stingrays (Dasyatidae)  (1)
search fish habitats
All Habitats
Anadromous  (1)
Coastal  (51)
Diadromous  (12)
Flowing freshwater  (72)
Non-flowing freshwater  (88)
search fish features
All Features
Arched body  (3)
Barbels  (2)
Black stripe  (1)
Compressed body  (5)
Cylindrical body  (1)
Deep body  (6)
Eel-like  (2)
Elongate body  (8)
Flattened body  (4)
Semi-transparent  (1)
Two dorsal fins  (15)
Upturned mouth  (3)
search fish regions
All Regions
Peninsula drainages  (1)
South Florida  (45)
the Atlantic Coast  (46)
the Gulf Coast  (33)
Western and North Central Florida drainages  (31)
search fish status
All Status
Marine invader  (50)
Non-indigenous freshwater  (1)
search fish drainages
All Drainages
Everglades  (1)
Indian River  (1)
Tampa Bay  (1)
RESET

Found 51 Results

Red Drum
Atlantic Croaker
Spotted Seatrout
Spot
Silver Perch
Pinfish
Sheepshead
Striped Mojarra
Tidewater Mojarra
Gray Snapper
Irish Pompano
Common Snook"
Florida Museum,,https://www.floridamuseum.ufl.edu/discover-fish/florida-fishes-gallery/?_sft_habitat=coastal&lang=en&sf_paged=3,Coastal,,,florida-museum-florida-fishes-gallery-799ba09f,"This searchable gallery includes 220 entries of Florida freshwater fishes, each with a live image, key characteristics for field identification and habitat description.

The Flagfish, included in this gallery, is one of three freshwater species native only to Florida. Florida Museum photo by Zachary Randall

The information is based on the “Fishes in the Fresh Waters of Florida” guide and atlas written by Florida Museum ichthyologists and published by the University Press of Florida in 2018. This book is available for purchase on the UPF website, and includes dot distribution maps and comparisons to similar species.

Use the search field below for specific inquiries, or sort fish based on families, key features, region, status or specific drainages in which species are found. Or, browse all species below.

All images subject to copyright. Non-Florida Museum photographers must be contacted directly for permission to use their images.

search for fishes
search fish families
All Families
American Soles (Achiridae)  (1)
Anchovies (Engraulidae)  (1)
Centropomidae (Snooks)  (4)
Cichlids and Tilapias (Cichlidae)  (1)
Drums and Croakers (Sciaenidae)  (5)
Gobies (Gobiidae)  (6)
Herrings (Clupeidae)  (2)
Mojarras (Gerreidae)  (3)
Mullets (Mugilidae)  (2)
Needlefishes (Belonidae)  (3)
New World Rivulines (Cynolebiidae)  (1)
New World Silversides (Atherinopsidae)  (1)
Pipefishes and seahorses (Syngnathidae)  (1)
Porgies (Sparidae)  (2)
Pupfishes (Cyprinodontidae)  (1)
Sand Flounders (Paralichthyidae)  (2)
Sea Catfishes (Ariidae)  (2)
Sleepers (Eleotridae)  (3)
Snake Eels (Ophichthidae)  (1)
Snappers (Lutjanidae)  (1)
Tarpons (Megalopidae)  (1)
Tenpounders (Elopidae)  (1)
Topminnows (Fundulidae)  (5)
Whiptail Stingrays (Dasyatidae)  (1)
search fish habitats
All Habitats
Anadromous  (1)
Coastal  (51)
Diadromous  (12)
Flowing freshwater  (72)
Non-flowing freshwater  (88)
search fish features
All Features
Arched body  (3)
Barbels  (2)
Black stripe  (1)
Compressed body  (5)
Cylindrical body  (1)
Deep body  (6)
Eel-like  (2)
Elongate body  (8)
Flattened body  (4)
Semi-transparent  (1)
Two dorsal fins  (15)
Upturned mouth  (3)
search fish regions
All Regions
Peninsula drainages  (1)
South Florida  (45)
the Atlantic Coast  (46)
the Gulf Coast  (33)
Western and North Central Florida drainages  (31)
search fish status
All Status
Marine invader  (50)
Non-indigenous freshwater  (1)
search fish drainages
All Drainages
Everglades  (1)
Indian River  (1)
Tampa Bay  (1)
RESET

Found 51 Results

Tarpon Snook
Fat Snook
Swordspine Snook
Gulf Pipefish
Sheepshead Minnow
Rainwater Killifish
Diamond Killifish
Longnose Killifish
Gulf Killifish
Marsh Killifish
Mangrove Rivulus
Timucú"
Florida Museum,,https://www.floridamuseum.ufl.edu/discover-fish/florida-fishes-gallery/?_sft_habitat=coastal&lang=en&sf_paged=4,Coastal,,,florida-museum-florida-fishes-gallery-d3b4f98c,"This searchable gallery includes 220 entries of Florida freshwater fishes, each with a live image, key characteristics for field identification and habitat description.

The Flagfish, included in this gallery, is one of three freshwater species native only to Florida. Florida Museum photo by Zachary Randall

The information is based on the “Fishes in the Fresh Waters of Florida” guide and atlas written by Florida Museum ichthyologists and published by the University Press of Florida in 2018. This book is available for purchase on the UPF website, and includes dot distribution maps and comparisons to similar species.

Use the search field below for specific inquiries, or sort fish based on families, key features, region, status or specific drainages in which species are found. Or, browse all species below.

All images subject to copyright. Non-Florida Museum photographers must be contacted directly for permission to use their images.

search for fishes
search fish families
All Families
American Soles (Achiridae)  (1)
Anchovies (Engraulidae)  (1)
Centropomidae (Snooks)  (4)
Cichlids and Tilapias (Cichlidae)  (1)
Drums and Croakers (Sciaenidae)  (5)
Gobies (Gobiidae)  (6)
Herrings (Clupeidae)  (2)
Mojarras (Gerreidae)  (3)
Mullets (Mugilidae)  (2)
Needlefishes (Belonidae)  (3)
New World Rivulines (Cynolebiidae)  (1)
New World Silversides (Atherinopsidae)  (1)
Pipefishes and seahorses (Syngnathidae)  (1)
Porgies (Sparidae)  (2)
Pupfishes (Cyprinodontidae)  (1)
Sand Flounders (Paralichthyidae)  (2)
Sea Catfishes (Ariidae)  (2)
Sleepers (Eleotridae)  (3)
Snake Eels (Ophichthidae)  (1)
Snappers (Lutjanidae)  (1)
Tarpons (Megalopidae)  (1)
Tenpounders (Elopidae)  (1)
Topminnows (Fundulidae)  (5)
Whiptail Stingrays (Dasyatidae)  (1)
search fish habitats
All Habitats
Anadromous  (1)
Coastal  (51)
Diadromous  (12)
Flowing freshwater  (72)
Non-flowing freshwater  (88)
search fish features
All Features
Arched body  (3)
Barbels  (2)
Black stripe  (1)
Compressed body  (5)
Cylindrical body  (1)
Deep body  (6)
Eel-like  (2)
Elongate body  (8)
Flattened body  (4)
Semi-transparent  (1)
Two dorsal fins  (15)
Upturned mouth  (3)
search fish regions
All Regions
Peninsula drainages  (1)
South Florida  (45)
the Atlantic Coast  (46)
the Gulf Coast  (33)
Western and North Central Florida drainages  (31)
search fish status
All Status
Marine invader  (50)
Non-indigenous freshwater  (1)
search fish drainages
All Drainages
Everglades  (1)
Indian River  (1)
Tampa Bay  (1)
RESET

Found 51 Results

Redfin Needlefish
Atlantic Needlefish
Rough Silverside
White Mullet
Striped Mullet
Gafftopsail Catfish
Hardhead Catfish
Atlantic Menhaden
Yellowfin Menhaden
Bay Anchovy
Tarpon
Ladyfish"
Florida Museum,,https://www.floridamuseum.ufl.edu/discover-fish/florida-fishes-gallery/?_sft_habitat=coastal&lang=en&sf_paged=5,Coastal,,,florida-museum-florida-fishes-gallery-62dbb863,"This searchable gallery includes 220 entries of Florida freshwater fishes, each with a live image, key characteristics for field identification and habitat description.

The Flagfish, included in this gallery, is one of three freshwater species native only to Florida. Florida Museum photo by Zachary Randall

The information is based on the “Fishes in the Fresh Waters of Florida” guide and atlas written by Florida Museum ichthyologists and published by the University Press of Florida in 2018. This book is available for purchase on the UPF website, and includes dot distribution maps and comparisons to similar species.

Use the search field below for specific inquiries, or sort fish based on families, key features, region, status or specific drainages in which species are found. Or, browse all species below.

All images subject to copyright. Non-Florida Museum photographers must be contacted directly for permission to use their images.

search for fishes
search fish families
All Families
American Soles (Achiridae)  (1)
Anchovies (Engraulidae)  (1)
Centropomidae (Snooks)  (4)
Cichlids and Tilapias (Cichlidae)  (1)
Drums and Croakers (Sciaenidae)  (5)
Gobies (Gobiidae)  (6)
Herrings (Clupeidae)  (2)
Mojarras (Gerreidae)  (3)
Mullets (Mugilidae)  (2)
Needlefishes (Belonidae)  (3)
New World Rivulines (Cynolebiidae)  (1)
New World Silversides (Atherinopsidae)  (1)
Pipefishes and seahorses (Syngnathidae)  (1)
Porgies (Sparidae)  (2)
Pupfishes (Cyprinodontidae)  (1)
Sand Flounders (Paralichthyidae)  (2)
Sea Catfishes (Ariidae)  (2)
Sleepers (Eleotridae)  (3)
Snake Eels (Ophichthidae)  (1)
Snappers (Lutjanidae)  (1)
Tarpons (Megalopidae)  (1)
Tenpounders (Elopidae)  (1)
Topminnows (Fundulidae)  (5)
Whiptail Stingrays (Dasyatidae)  (1)
search fish habitats
All Habitats
Anadromous  (1)
Coastal  (51)
Diadromous  (12)
Flowing freshwater  (72)
Non-flowing freshwater  (88)
search fish features
All Features
Arched body  (3)
Barbels  (2)
Black stripe  (1)
Compressed body  (5)
Cylindrical body  (1)
Deep body  (6)
Eel-like  (2)
Elongate body  (8)
Flattened body  (4)
Semi-transparent  (1)
Two dorsal fins  (15)
Upturned mouth  (3)
search fish regions
All Regions
Peninsula drainages  (1)
South Florida  (45)
the Atlantic Coast  (46)
the Gulf Coast  (33)
Western and North Central Florida drainages  (31)
search fish status
All Status
Marine invader  (50)
Non-indigenous freshwater  (1)
search fish drainages
All Drainages
Everglades  (1)
Indian River  (1)
Tampa Bay  (1)
RESET

Found 51 Results

Speckled Worm Eel
Bay Whiff
Atlantic Stingray"
Florida Museum,,https://www.floridamuseum.ufl.edu/discover-fish/florida-fishes-gallery/?_sft_habitat=flowing-freshwater&lang=en,Flowing freshwater,,,florida-museum-florida-fishes-gallery-bd74e548,"This searchable gallery includes 220 entries of Florida freshwater fishes, each with a live image, key characteristics for field identification and habitat description.

The Flagfish, included in this gallery, is one of three freshwater species native only to Florida. Florida Museum photo by Zachary Randall

The information is based on the “Fishes in the Fresh Waters of Florida” guide and atlas written by Florida Museum ichthyologists and published by the University Press of Florida in 2018. This book is available for purchase on the UPF website, and includes dot distribution maps and comparisons to similar species.

Use the search field below for specific inquiries, or sort fish based on families, key features, region, status or specific drainages in which species are found. Or, browse all species below.

All images subject to copyright. Non-Florida Museum photographers must be contacted directly for permission to use their images.

search for fishes
search fish families
All Families
Cichlids and Tilapias (Cichlidae)  (4)
Featherfin Knifefishes (Notopteridae)  (1)
Herrings (Clupeidae)  (3)
Labyrinth Catfishes (Clariidae)  (1)
Lampreys (Petromyzontidae)  (1)
Minnows; shiners; chubs (Leuciscidae)  (21)
New World Silversides (Atherinopsidae)  (1)
North American Catfishes (Ictaluridae)  (7)
Perches and Darters (Percidae)  (16)
Suckermouth Armored Catfishes (Loricariidae)  (2)
Suckers (Catostomidae)  (7)
Sunfishes (Centrarchidae)  (7)
Topminnows (Fundulidae)  (1)
search fish habitats
All Habitats
Anadromous  (1)
Coastal  (51)
Diadromous  (12)
Flowing freshwater  (72)
Non-flowing freshwater  (88)
search fish features
All Features
Armored body  (2)
Barbels  (8)
Black stripe  (10)
Compressed body  (4)
Deep body  (14)
Diamond-shaped scales  (3)
Eel-like  (1)
Elongate body  (4)
Large lips  (3)
Semi-transparent  (5)
Small scales  (1)
Spotted  (1)
Two dorsal fins  (15)
Upturned mouth  (1)
search fish regions
All Regions
Peninsula drainages  (21)
Western and North Central Florida drainages  (65)
search fish status
All Status
Native freshwater  (56)
Non-indigenous freshwater  (16)
search fish drainages
All Drainages
Apalachicola River  (40)
Blackwater River  (29)
Caloosahatchee River  (8)
Choctawhatchee River  (41)
Econfina Creek  (21)
Escambia River  (48)
Everglades  (13)
Indian River  (8)
Lake Okeechobee  (10)
minor Gulf tributaries  (15)
Myakka/Peace River  (9)
Ochlockonee River  (24)
Perdido River  (31)
St. John's River  (16)
St. Mary's River  (5)
Suwannee River  (20)
Tampa Bay  (12)
Tolomato/Matanzas River  (7)
Withlacoochee River  (8)
Yellow River  (34)
RESET

Found 72 Results

Nile Tilapia
Mozambique Tilapia
Blue Tilapia
Midas Cichlid
Saddleback Darter
Blackbanded Darter
Southern Logperch
Backwater Darter
Gulf Darter
Speckled Darter
Cypress Darter
Tessellated Darter"
Florida Museum,,https://www.floridamuseum.ufl.edu/discover-fish/florida-fishes-gallery/?_sft_habitat=flowing-freshwater&lang=en&sf_paged=2,Flowing freshwater,,,florida-museum-florida-fishes-gallery-785e1e23,"This searchable gallery includes 220 entries of Florida freshwater fishes, each with a live image, key characteristics for field identification and habitat description.

The Flagfish, included in this gallery, is one of three freshwater species native only to Florida. Florida Museum photo by Zachary Randall

The information is based on the “Fishes in the Fresh Waters of Florida” guide and atlas written by Florida Museum ichthyologists and published by the University Press of Florida in 2018. This book is available for purchase on the UPF website, and includes dot distribution maps and comparisons to similar species.

Use the search field below for specific inquiries, or sort fish based on families, key features, region, status or specific drainages in which species are found. Or, browse all species below.

All images subject to copyright. Non-Florida Museum photographers must be contacted directly for permission to use their images.

search for fishes
search fish families
All Families
Cichlids and Tilapias (Cichlidae)  (4)
Featherfin Knifefishes (Notopteridae)  (1)
Herrings (Clupeidae)  (3)
Labyrinth Catfishes (Clariidae)  (1)
Lampreys (Petromyzontidae)  (1)
Minnows; shiners; chubs (Leuciscidae)  (21)
New World Silversides (Atherinopsidae)  (1)
North American Catfishes (Ictaluridae)  (7)
Perches and Darters (Percidae)  (16)
Suckermouth Armored Catfishes (Loricariidae)  (2)
Suckers (Catostomidae)  (7)
Sunfishes (Centrarchidae)  (7)
Topminnows (Fundulidae)  (1)
search fish habitats
All Habitats
Anadromous  (1)
Coastal  (51)
Diadromous  (12)
Flowing freshwater  (72)
Non-flowing freshwater  (88)
search fish features
All Features
Armored body  (2)
Barbels  (8)
Black stripe  (10)
Compressed body  (4)
Deep body  (14)
Diamond-shaped scales  (3)
Eel-like  (1)
Elongate body  (4)
Large lips  (3)
Semi-transparent  (5)
Small scales  (1)
Spotted  (1)
Two dorsal fins  (15)
Upturned mouth  (1)
search fish regions
All Regions
Peninsula drainages  (21)
Western and North Central Florida drainages  (65)
search fish status
All Status
Native freshwater  (56)
Non-indigenous freshwater  (16)
search fish drainages
All Drainages
Apalachicola River  (40)
Blackwater River  (29)
Caloosahatchee River  (8)
Choctawhatchee River  (41)
Econfina Creek  (21)
Escambia River  (48)
Everglades  (13)
Indian River  (8)
Lake Okeechobee  (10)
minor Gulf tributaries  (15)
Myakka/Peace River  (9)
Ochlockonee River  (24)
Perdido River  (31)
St. John's River  (16)
St. Mary's River  (5)
Suwannee River  (20)
Tampa Bay  (12)
Tolomato/Matanzas River  (7)
Withlacoochee River  (8)
Yellow River  (34)
RESET

Found 72 Results

Okaloosa Darter
Harlequin darter
Brown Darter
Choctawhatchee Darter
Coastal Darter
Crystal Darter
Florida Sand Darter
Choctaw Bass
Spotted Bass
Suwannee Bass
Shoal Bass
Longear Sunfish"
Florida Museum,,https://www.floridamuseum.ufl.edu/discover-fish/florida-fishes-gallery/?_sft_habitat=flowing-freshwater&lang=en&sf_paged=3,Flowing freshwater,,,florida-museum-florida-fishes-gallery-7997b7e9,"This searchable gallery includes 220 entries of Florida freshwater fishes, each with a live image, key characteristics for field identification and habitat description.

The Flagfish, included in this gallery, is one of three freshwater species native only to Florida. Florida Museum photo by Zachary Randall

The information is based on the “Fishes in the Fresh Waters of Florida” guide and atlas written by Florida Museum ichthyologists and published by the University Press of Florida in 2018. This book is available for purchase on the UPF website, and includes dot distribution maps and comparisons to similar species.

Use the search field below for specific inquiries, or sort fish based on families, key features, region, status or specific drainages in which species are found. Or, browse all species below.

All images subject to copyright. Non-Florida Museum photographers must be contacted directly for permission to use their images.

search for fishes
search fish families
All Families
Cichlids and Tilapias (Cichlidae)  (4)
Featherfin Knifefishes (Notopteridae)  (1)
Herrings (Clupeidae)  (3)
Labyrinth Catfishes (Clariidae)  (1)
Lampreys (Petromyzontidae)  (1)
Minnows; shiners; chubs (Leuciscidae)  (21)
New World Silversides (Atherinopsidae)  (1)
North American Catfishes (Ictaluridae)  (7)
Perches and Darters (Percidae)  (16)
Suckermouth Armored Catfishes (Loricariidae)  (2)
Suckers (Catostomidae)  (7)
Sunfishes (Centrarchidae)  (7)
Topminnows (Fundulidae)  (1)
search fish habitats
All Habitats
Anadromous  (1)
Coastal  (51)
Diadromous  (12)
Flowing freshwater  (72)
Non-flowing freshwater  (88)
search fish features
All Features
Armored body  (2)
Barbels  (8)
Black stripe  (10)
Compressed body  (4)
Deep body  (14)
Diamond-shaped scales  (3)
Eel-like  (1)
Elongate body  (4)
Large lips  (3)
Semi-transparent  (5)
Small scales  (1)
Spotted  (1)
Two dorsal fins  (15)
Upturned mouth  (1)
search fish regions
All Regions
Peninsula drainages  (21)
Western and North Central Florida drainages  (65)
search fish status
All Status
Native freshwater  (56)
Non-indigenous freshwater  (16)
search fish drainages
All Drainages
Apalachicola River  (40)
Blackwater River  (29)
Caloosahatchee River  (8)
Choctawhatchee River  (41)
Econfina Creek  (21)
Escambia River  (48)
Everglades  (13)
Indian River  (8)
Lake Okeechobee  (10)
minor Gulf tributaries  (15)
Myakka/Peace River  (9)
Ochlockonee River  (24)
Perdido River  (31)
St. John's River  (16)
St. Mary's River  (5)
Suwannee River  (20)
Tampa Bay  (12)
Tolomato/Matanzas River  (7)
Withlacoochee River  (8)
Yellow River  (34)
RESET

Found 72 Results

Orangespotted Sunfish
Shadow Bass
Blackspotted Topminnow
Inland Silverside
Flathead Catfish
Speckled Madtom
Black Madtom
Channel Catfish
Blue Catfish
Spotted Bullhead
Snail Bullhead
Walking Catfish"
Florida Museum,,https://www.floridamuseum.ufl.edu/discover-fish/florida-fishes-gallery/?_sft_habitat=flowing-freshwater&lang=en&sf_paged=4,Flowing freshwater,,,florida-museum-florida-fishes-gallery-5b395b08,"This searchable gallery includes 220 entries of Florida freshwater fishes, each with a live image, key characteristics for field identification and habitat description.

The Flagfish, included in this gallery, is one of three freshwater species native only to Florida. Florida Museum photo by Zachary Randall

The information is based on the “Fishes in the Fresh Waters of Florida” guide and atlas written by Florida Museum ichthyologists and published by the University Press of Florida in 2018. This book is available for purchase on the UPF website, and includes dot distribution maps and comparisons to similar species.

Use the search field below for specific inquiries, or sort fish based on families, key features, region, status or specific drainages in which species are found. Or, browse all species below.

All images subject to copyright. Non-Florida Museum photographers must be contacted directly for permission to use their images.

search for fishes
search fish families
All Families
Cichlids and Tilapias (Cichlidae)  (4)
Featherfin Knifefishes (Notopteridae)  (1)
Herrings (Clupeidae)  (3)
Labyrinth Catfishes (Clariidae)  (1)
Lampreys (Petromyzontidae)  (1)
Minnows; shiners; chubs (Leuciscidae)  (21)
New World Silversides (Atherinopsidae)  (1)
North American Catfishes (Ictaluridae)  (7)
Perches and Darters (Percidae)  (16)
Suckermouth Armored Catfishes (Loricariidae)  (2)
Suckers (Catostomidae)  (7)
Sunfishes (Centrarchidae)  (7)
Topminnows (Fundulidae)  (1)
search fish habitats
All Habitats
Anadromous  (1)
Coastal  (51)
Diadromous  (12)
Flowing freshwater  (72)
Non-flowing freshwater  (88)
search fish features
All Features
Armored body  (2)
Barbels  (8)
Black stripe  (10)
Compressed body  (4)
Deep body  (14)
Diamond-shaped scales  (3)
Eel-like  (1)
Elongate body  (4)
Large lips  (3)
Semi-transparent  (5)
Small scales  (1)
Spotted  (1)
Two dorsal fins  (15)
Upturned mouth  (1)
search fish regions
All Regions
Peninsula drainages  (21)
Western and North Central Florida drainages  (65)
search fish status
All Status
Native freshwater  (56)
Non-indigenous freshwater  (16)
search fish drainages
All Drainages
Apalachicola River  (40)
Blackwater River  (29)
Caloosahatchee River  (8)
Choctawhatchee River  (41)
Econfina Creek  (21)
Escambia River  (48)
Everglades  (13)
Indian River  (8)
Lake Okeechobee  (10)
minor Gulf tributaries  (15)
Myakka/Peace River  (9)
Ochlockonee River  (24)
Perdido River  (31)
St. John's River  (16)
St. Mary's River  (5)
Suwannee River  (20)
Tampa Bay  (12)
Tolomato/Matanzas River  (7)
Withlacoochee River  (8)
Yellow River  (34)
RESET

Found 72 Results

Sailfin Catfishes
Suckermouth Catfish
Apalachicola Redhorse
Blacktail Redhorse
River Redhorse
Spotted Sucker
Sharpfin Chubsucker
Highfin Carpsucker
Quillback
Dixie Chub
Flagfin Shiner
Metallic Shiner"
Florida Museum,,https://www.floridamuseum.ufl.edu/discover-fish/florida-fishes-gallery/?_sft_habitat=flowing-freshwater&lang=en&sf_paged=5,Flowing freshwater,,,florida-museum-florida-fishes-gallery-614060c4,"This searchable gallery includes 220 entries of Florida freshwater fishes, each with a live image, key characteristics for field identification and habitat description.

The Flagfish, included in this gallery, is one of three freshwater species native only to Florida. Florida Museum photo by Zachary Randall

The information is based on the “Fishes in the Fresh Waters of Florida” guide and atlas written by Florida Museum ichthyologists and published by the University Press of Florida in 2018. This book is available for purchase on the UPF website, and includes dot distribution maps and comparisons to similar species.

Use the search field below for specific inquiries, or sort fish based on families, key features, region, status or specific drainages in which species are found. Or, browse all species below.

All images subject to copyright. Non-Florida Museum photographers must be contacted directly for permission to use their images.

search for fishes
search fish families
All Families
Cichlids and Tilapias (Cichlidae)  (4)
Featherfin Knifefishes (Notopteridae)  (1)
Herrings (Clupeidae)  (3)
Labyrinth Catfishes (Clariidae)  (1)
Lampreys (Petromyzontidae)  (1)
Minnows; shiners; chubs (Leuciscidae)  (21)
New World Silversides (Atherinopsidae)  (1)
North American Catfishes (Ictaluridae)  (7)
Perches and Darters (Percidae)  (16)
Suckermouth Armored Catfishes (Loricariidae)  (2)
Suckers (Catostomidae)  (7)
Sunfishes (Centrarchidae)  (7)
Topminnows (Fundulidae)  (1)
search fish habitats
All Habitats
Anadromous  (1)
Coastal  (51)
Diadromous  (12)
Flowing freshwater  (72)
Non-flowing freshwater  (88)
search fish features
All Features
Armored body  (2)
Barbels  (8)
Black stripe  (10)
Compressed body  (4)
Deep body  (14)
Diamond-shaped scales  (3)
Eel-like  (1)
Elongate body  (4)
Large lips  (3)
Semi-transparent  (5)
Small scales  (1)
Spotted  (1)
Two dorsal fins  (15)
Upturned mouth  (1)
search fish regions
All Regions
Peninsula drainages  (21)
Western and North Central Florida drainages  (65)
search fish status
All Status
Native freshwater  (56)
Non-indigenous freshwater  (16)
search fish drainages
All Drainages
Apalachicola River  (40)
Blackwater River  (29)
Caloosahatchee River  (8)
Choctawhatchee River  (41)
Econfina Creek  (21)
Escambia River  (48)
Everglades  (13)
Indian River  (8)
Lake Okeechobee  (10)
minor Gulf tributaries  (15)
Myakka/Peace River  (9)
Ochlockonee River  (24)
Perdido River  (31)
St. John's River  (16)
St. Mary's River  (5)
Suwannee River  (20)
Tampa Bay  (12)
Tolomato/Matanzas River  (7)
Withlacoochee River  (8)
Yellow River  (34)
RESET

Found 72 Results

Sailfin Shiner
Redeye Chub
Apalachee Shiner
Weed Shiner
Longnose Shiner
Dusky Shiner
Ironcolor Shiner
Rough Shiner
Bluehead Chub
Pallid Chub
Blacktip Shiner
Bandfin Shiner"
Florida Museum,,https://www.floridamuseum.ufl.edu/discover-fish/florida-fishes-gallery/?_sft_habitat=flowing-freshwater&lang=en&sf_paged=6,Flowing freshwater,,,florida-museum-florida-fishes-gallery-417fe01f,"This searchable gallery includes 220 entries of Florida freshwater fishes, each with a live image, key characteristics for field identification and habitat description.

The Flagfish, included in this gallery, is one of three freshwater species native only to Florida. Florida Museum photo by Zachary Randall

The information is based on the “Fishes in the Fresh Waters of Florida” guide and atlas written by Florida Museum ichthyologists and published by the University Press of Florida in 2018. This book is available for purchase on the UPF website, and includes dot distribution maps and comparisons to similar species.

Use the search field below for specific inquiries, or sort fish based on families, key features, region, status or specific drainages in which species are found. Or, browse all species below.

All images subject to copyright. Non-Florida Museum photographers must be contacted directly for permission to use their images.

search for fishes
search fish families
All Families
Cichlids and Tilapias (Cichlidae)  (4)
Featherfin Knifefishes (Notopteridae)  (1)
Herrings (Clupeidae)  (3)
Labyrinth Catfishes (Clariidae)  (1)
Lampreys (Petromyzontidae)  (1)
Minnows; shiners; chubs (Leuciscidae)  (21)
New World Silversides (Atherinopsidae)  (1)
North American Catfishes (Ictaluridae)  (7)
Perches and Darters (Percidae)  (16)
Suckermouth Armored Catfishes (Loricariidae)  (2)
Suckers (Catostomidae)  (7)
Sunfishes (Centrarchidae)  (7)
Topminnows (Fundulidae)  (1)
search fish habitats
All Habitats
Anadromous  (1)
Coastal  (51)
Diadromous  (12)
Flowing freshwater  (72)
Non-flowing freshwater  (88)
search fish features
All Features
Armored body  (2)
Barbels  (8)
Black stripe  (10)
Compressed body  (4)
Deep body  (14)
Diamond-shaped scales  (3)
Eel-like  (1)
Elongate body  (4)
Large lips  (3)
Semi-transparent  (5)
Small scales  (1)
Spotted  (1)
Two dorsal fins  (15)
Upturned mouth  (1)
search fish regions
All Regions
Peninsula drainages  (21)
Western and North Central Florida drainages  (65)
search fish status
All Status
Native freshwater  (56)
Non-indigenous freshwater  (16)
search fish drainages
All Drainages
Apalachicola River  (40)
Blackwater River  (29)
Caloosahatchee River  (8)
Choctawhatchee River  (41)
Econfina Creek  (21)
Escambia River  (48)
Everglades  (13)
Indian River  (8)
Lake Okeechobee  (10)
minor Gulf tributaries  (15)
Myakka/Peace River  (9)
Ochlockonee River  (24)
Perdido River  (31)
St. John's River  (16)
St. Mary's River  (5)
Suwannee River  (20)
Tampa Bay  (12)
Tolomato/Matanzas River  (7)
Withlacoochee River  (8)
Yellow River  (34)
RESET

Found 72 Results

Striped Shiner
Clear Chub
Longjaw Minnow
Blacktail Shiner
Bannerfin Shiner
Bluestripe Shiner
Threadfin Shad
Gizzard Shad
Skipjack Herring
Clown Knifefish
Goldstripe Darter
Southern Brook Lamprey"
Florida Museum,,https://www.floridamuseum.ufl.edu/discover-fish/florida-fishes-gallery/?_sft_habitat=non-flowing-freshwater&lang=en,Non-flowing freshwater,,,florida-museum-florida-fishes-gallery-ec1dee46,"This searchable gallery includes 220 entries of Florida freshwater fishes, each with a live image, key characteristics for field identification and habitat description.

The Flagfish, included in this gallery, is one of three freshwater species native only to Florida. Florida Museum photo by Zachary Randall

The information is based on the “Fishes in the Fresh Waters of Florida” guide and atlas written by Florida Museum ichthyologists and published by the University Press of Florida in 2018. This book is available for purchase on the UPF website, and includes dot distribution maps and comparisons to similar species.

Use the search field below for specific inquiries, or sort fish based on families, key features, region, status or specific drainages in which species are found. Or, browse all species below.

All images subject to copyright. Non-Florida Museum photographers must be contacted directly for permission to use their images.

search for fishes
search fish families
All Families
Bowfins (Amiidae)  (1)
Callichthyid Armored Catfishes (Callichthyidae)  (1)
Carps (Cyprinidae)  (1)
Cichlids and Tilapias (Cichlidae)  (19)
Eels (Synbranchidae)  (1)
Freshwater Spiny Eels (Mastacembelidae)  (1)
Gars (Lepisosteidae)  (4)
Gouramies (Osphronemidae)  (1)
Livebearers (Poeciliidae)  (7)
Minnows; shiners; chubs (Leuciscidae)  (7)
New World Silversides (Atherinopsidae)  (1)
North American Catfishes (Ictaluridae)  (4)
Perches and Darters (Percidae)  (2)
Pikes and Mudminnows (Esocidae)  (3)
Pirate Perches (Aphredoderidae)  (1)
Pupfishes (Cyprinodontidae)  (1)
Pygmy Sunfishes (Elassomatidae)  (4)
Sleepers (Eleotridae)  (1)
Snakeheads (Channidae)  (1)
Spined Loaches (Cobitidae)  (1)
Suckers (Catostomidae)  (1)
Sunfishes (Centrarchidae)  (15)
Temperate Basses (Moronidae)  (1)
Topminnows (Fundulidae)  (9)
search fish habitats
All Habitats
Anadromous  (1)
Coastal  (51)
Diadromous  (12)
Flowing freshwater  (72)
Non-flowing freshwater  (88)
search fish features
All Features
Arched body  (1)
Armored body  (1)
Barbels  (4)
Black stripe  (8)
Cylindrical body  (9)
Deep body  (33)
Diamond-shaped scales  (3)
Eel-like  (3)
Elongate body  (9)
Two dorsal fins  (4)
Upturned mouth  (13)
search fish regions
All Regions
Peninsula drainages  (77)
South Florida  (1)
the Atlantic Coast  (1)
the Gulf Coast  (1)
Western and North Central Florida drainages  (60)
search fish status
All Status
Marine invader  (1)
Native freshwater  (54)
Non-indigenous freshwater  (33)
search fish drainages
All Drainages
Apalachicola River  (45)
Blackwater River  (37)
Caloosahatchee River  (38)
Choctawhatchee River  (45)
Econfina Creek  (35)
Escambia River  (41)
Everglades  (63)
Indian River  (40)
Lake Okeechobee  (44)
minor Gulf tributaries  (47)
Myakka/Peace River  (37)
Ochlockonee River  (45)
Perdido River  (39)
St. John's River  (52)
St. Mary's River  (39)
Suwannee River  (49)
Tampa Bay  (53)
Tolomato/Matanzas River  (23)
Withlacoochee River  (40)
Yellow River  (41)
RESET

Found 88 Results

Chanchita
Bowfin
Goldline Snakehead
Croaking Gourami
Fat Sleeper
Redhead Cichlid
Yellowbelly Cichlid
Jack Dempsey
Spotted Tilapia
Jaguar Guapote
Nile Tilapia
Mozambique Tilapia"
Florida Museum,,https://www.floridamuseum.ufl.edu/discover-fish/florida-fishes-gallery/?_sft_habitat=non-flowing-freshwater&lang=en&sf_paged=2,Non-flowing freshwater,,,florida-museum-florida-fishes-gallery-062a916f,"This searchable gallery includes 220 entries of Florida freshwater fishes, each with a live image, key characteristics for field identification and habitat description.

The Flagfish, included in this gallery, is one of three freshwater species native only to Florida. Florida Museum photo by Zachary Randall

The information is based on the “Fishes in the Fresh Waters of Florida” guide and atlas written by Florida Museum ichthyologists and published by the University Press of Florida in 2018. This book is available for purchase on the UPF website, and includes dot distribution maps and comparisons to similar species.

Use the search field below for specific inquiries, or sort fish based on families, key features, region, status or specific drainages in which species are found. Or, browse all species below.

All images subject to copyright. Non-Florida Museum photographers must be contacted directly for permission to use their images.

search for fishes
search fish families
All Families
Bowfins (Amiidae)  (1)
Callichthyid Armored Catfishes (Callichthyidae)  (1)
Carps (Cyprinidae)  (1)
Cichlids and Tilapias (Cichlidae)  (19)
Eels (Synbranchidae)  (1)
Freshwater Spiny Eels (Mastacembelidae)  (1)
Gars (Lepisosteidae)  (4)
Gouramies (Osphronemidae)  (1)
Livebearers (Poeciliidae)  (7)
Minnows; shiners; chubs (Leuciscidae)  (7)
New World Silversides (Atherinopsidae)  (1)
North American Catfishes (Ictaluridae)  (4)
Perches and Darters (Percidae)  (2)
Pikes and Mudminnows (Esocidae)  (3)
Pirate Perches (Aphredoderidae)  (1)
Pupfishes (Cyprinodontidae)  (1)
Pygmy Sunfishes (Elassomatidae)  (4)
Sleepers (Eleotridae)  (1)
Snakeheads (Channidae)  (1)
Spined Loaches (Cobitidae)  (1)
Suckers (Catostomidae)  (1)
Sunfishes (Centrarchidae)  (15)
Temperate Basses (Moronidae)  (1)
Topminnows (Fundulidae)  (9)
search fish habitats
All Habitats
Anadromous  (1)
Coastal  (51)
Diadromous  (12)
Flowing freshwater  (72)
Non-flowing freshwater  (88)
search fish features
All Features
Arched body  (1)
Armored body  (1)
Barbels  (4)
Black stripe  (8)
Cylindrical body  (9)
Deep body  (33)
Diamond-shaped scales  (3)
Eel-like  (3)
Elongate body  (9)
Two dorsal fins  (4)
Upturned mouth  (13)
search fish regions
All Regions
Peninsula drainages  (77)
South Florida  (1)
the Atlantic Coast  (1)
the Gulf Coast  (1)
Western and North Central Florida drainages  (60)
search fish status
All Status
Marine invader  (1)
Native freshwater  (54)
Non-indigenous freshwater  (33)
search fish drainages
All Drainages
Apalachicola River  (45)
Blackwater River  (37)
Caloosahatchee River  (38)
Choctawhatchee River  (45)
Econfina Creek  (35)
Escambia River  (41)
Everglades  (63)
Indian River  (40)
Lake Okeechobee  (44)
minor Gulf tributaries  (47)
Myakka/Peace River  (37)
Ochlockonee River  (45)
Perdido River  (39)
St. John's River  (52)
St. Mary's River  (39)
Suwannee River  (49)
Tampa Bay  (53)
Tolomato/Matanzas River  (23)
Withlacoochee River  (40)
Yellow River  (41)
RESET

Found 88 Results

Blue Tilapia
Mayan Cichlid
Hornet Tilapia
Banded Cichlid
Rio Grande Cichlid
African Jewelfish
Redstriped Eartheater
Black Acara
Butterfly Peacock Bass
Eastern Happy
Oscar
Yellow Perch"
Florida Museum,,https://www.floridamuseum.ufl.edu/discover-fish/florida-fishes-gallery/?_sft_habitat=non-flowing-freshwater&lang=en&sf_paged=3,Non-flowing freshwater,,,florida-museum-florida-fishes-gallery-d89af932,"This searchable gallery includes 220 entries of Florida freshwater fishes, each with a live image, key characteristics for field identification and habitat description.

The Flagfish, included in this gallery, is one of three freshwater species native only to Florida. Florida Museum photo by Zachary Randall

The information is based on the “Fishes in the Fresh Waters of Florida” guide and atlas written by Florida Museum ichthyologists and published by the University Press of Florida in 2018. This book is available for purchase on the UPF website, and includes dot distribution maps and comparisons to similar species.

Use the search field below for specific inquiries, or sort fish based on families, key features, region, status or specific drainages in which species are found. Or, browse all species below.

All images subject to copyright. Non-Florida Museum photographers must be contacted directly for permission to use their images.

search for fishes
search fish families
All Families
Bowfins (Amiidae)  (1)
Callichthyid Armored Catfishes (Callichthyidae)  (1)
Carps (Cyprinidae)  (1)
Cichlids and Tilapias (Cichlidae)  (19)
Eels (Synbranchidae)  (1)
Freshwater Spiny Eels (Mastacembelidae)  (1)
Gars (Lepisosteidae)  (4)
Gouramies (Osphronemidae)  (1)
Livebearers (Poeciliidae)  (7)
Minnows; shiners; chubs (Leuciscidae)  (7)
New World Silversides (Atherinopsidae)  (1)
North American Catfishes (Ictaluridae)  (4)
Perches and Darters (Percidae)  (2)
Pikes and Mudminnows (Esocidae)  (3)
Pirate Perches (Aphredoderidae)  (1)
Pupfishes (Cyprinodontidae)  (1)
Pygmy Sunfishes (Elassomatidae)  (4)
Sleepers (Eleotridae)  (1)
Snakeheads (Channidae)  (1)
Spined Loaches (Cobitidae)  (1)
Suckers (Catostomidae)  (1)
Sunfishes (Centrarchidae)  (15)
Temperate Basses (Moronidae)  (1)
Topminnows (Fundulidae)  (9)
search fish habitats
All Habitats
Anadromous  (1)
Coastal  (51)
Diadromous  (12)
Flowing freshwater  (72)
Non-flowing freshwater  (88)
search fish features
All Features
Arched body  (1)
Armored body  (1)
Barbels  (4)
Black stripe  (8)
Cylindrical body  (9)
Deep body  (33)
Diamond-shaped scales  (3)
Eel-like  (3)
Elongate body  (9)
Two dorsal fins  (4)
Upturned mouth  (13)
search fish regions
All Regions
Peninsula drainages  (77)
South Florida  (1)
the Atlantic Coast  (1)
the Gulf Coast  (1)
Western and North Central Florida drainages  (60)
search fish status
All Status
Marine invader  (1)
Native freshwater  (54)
Non-indigenous freshwater  (33)
search fish drainages
All Drainages
Apalachicola River  (45)
Blackwater River  (37)
Caloosahatchee River  (38)
Choctawhatchee River  (45)
Econfina Creek  (35)
Escambia River  (41)
Everglades  (63)
Indian River  (40)
Lake Okeechobee  (44)
minor Gulf tributaries  (47)
Myakka/Peace River  (37)
Ochlockonee River  (45)
Perdido River  (39)
St. John's River  (52)
St. Mary's River  (39)
Suwannee River  (49)
Tampa Bay  (53)
Tolomato/Matanzas River  (23)
Withlacoochee River  (40)
Yellow River  (41)
RESET

Found 88 Results

Swamp Darter
Banded Pygmy Sunfish
Okefenokee Pygmy Sunfish
Gulf Coast Pygmy Sunfish
Everglades Pygmy Sunfish
Black Crappie
White Crappie
Largemouth Bass
Spotted Sunfish
Redear Sunfish
Dollar Sunfish
Bluegill"
Florida Museum,,https://www.floridamuseum.ufl.edu/discover-fish/florida-fishes-gallery/?_sft_habitat=non-flowing-freshwater&lang=en&sf_paged=4,Non-flowing freshwater,,,florida-museum-florida-fishes-gallery-5ccbb672,"This searchable gallery includes 220 entries of Florida freshwater fishes, each with a live image, key characteristics for field identification and habitat description.

The Flagfish, included in this gallery, is one of three freshwater species native only to Florida. Florida Museum photo by Zachary Randall

The information is based on the “Fishes in the Fresh Waters of Florida” guide and atlas written by Florida Museum ichthyologists and published by the University Press of Florida in 2018. This book is available for purchase on the UPF website, and includes dot distribution maps and comparisons to similar species.

Use the search field below for specific inquiries, or sort fish based on families, key features, region, status or specific drainages in which species are found. Or, browse all species below.

All images subject to copyright. Non-Florida Museum photographers must be contacted directly for permission to use their images.

search for fishes
search fish families
All Families
Bowfins (Amiidae)  (1)
Callichthyid Armored Catfishes (Callichthyidae)  (1)
Carps (Cyprinidae)  (1)
Cichlids and Tilapias (Cichlidae)  (19)
Eels (Synbranchidae)  (1)
Freshwater Spiny Eels (Mastacembelidae)  (1)
Gars (Lepisosteidae)  (4)
Gouramies (Osphronemidae)  (1)
Livebearers (Poeciliidae)  (7)
Minnows; shiners; chubs (Leuciscidae)  (7)
New World Silversides (Atherinopsidae)  (1)
North American Catfishes (Ictaluridae)  (4)
Perches and Darters (Percidae)  (2)
Pikes and Mudminnows (Esocidae)  (3)
Pirate Perches (Aphredoderidae)  (1)
Pupfishes (Cyprinodontidae)  (1)
Pygmy Sunfishes (Elassomatidae)  (4)
Sleepers (Eleotridae)  (1)
Snakeheads (Channidae)  (1)
Spined Loaches (Cobitidae)  (1)
Suckers (Catostomidae)  (1)
Sunfishes (Centrarchidae)  (15)
Temperate Basses (Moronidae)  (1)
Topminnows (Fundulidae)  (9)
search fish habitats
All Habitats
Anadromous  (1)
Coastal  (51)
Diadromous  (12)
Flowing freshwater  (72)
Non-flowing freshwater  (88)
search fish features
All Features
Arched body  (1)
Armored body  (1)
Barbels  (4)
Black stripe  (8)
Cylindrical body  (9)
Deep body  (33)
Diamond-shaped scales  (3)
Eel-like  (3)
Elongate body  (9)
Two dorsal fins  (4)
Upturned mouth  (13)
search fish regions
All Regions
Peninsula drainages  (77)
South Florida  (1)
the Atlantic Coast  (1)
the Gulf Coast  (1)
Western and North Central Florida drainages  (60)
search fish status
All Status
Marine invader  (1)
Native freshwater  (54)
Non-indigenous freshwater  (33)
search fish drainages
All Drainages
Apalachicola River  (45)
Blackwater River  (37)
Caloosahatchee River  (38)
Choctawhatchee River  (45)
Econfina Creek  (35)
Escambia River  (41)
Everglades  (63)
Indian River  (40)
Lake Okeechobee  (44)
minor Gulf tributaries  (47)
Myakka/Peace River  (37)
Ochlockonee River  (45)
Perdido River  (39)
St. John's River  (52)
St. Mary's River  (39)
Suwannee River  (49)
Tampa Bay  (53)
Tolomato/Matanzas River  (23)
Withlacoochee River  (40)
Yellow River  (41)
RESET

Found 88 Results

Warmouth
Green Sunfish
Redbreast Sunfish
Banded Sunfish
Bluespotted Sunfish
Blackbanded Sunfish
Flier
Mud Sunfish
White Bass
Spotfin Spiny Eel
Asian Swamp Eel
Variable Platyfish"
Florida Museum,,https://www.floridamuseum.ufl.edu/discover-fish/florida-fishes-gallery/?_sft_habitat=non-flowing-freshwater&lang=en&sf_paged=5,Non-flowing freshwater,,,florida-museum-florida-fishes-gallery-147f5c87,"This searchable gallery includes 220 entries of Florida freshwater fishes, each with a live image, key characteristics for field identification and habitat description.

The Flagfish, included in this gallery, is one of three freshwater species native only to Florida. Florida Museum photo by Zachary Randall

The information is based on the “Fishes in the Fresh Waters of Florida” guide and atlas written by Florida Museum ichthyologists and published by the University Press of Florida in 2018. This book is available for purchase on the UPF website, and includes dot distribution maps and comparisons to similar species.

Use the search field below for specific inquiries, or sort fish based on families, key features, region, status or specific drainages in which species are found. Or, browse all species below.

All images subject to copyright. Non-Florida Museum photographers must be contacted directly for permission to use their images.

search for fishes
search fish families
All Families
Bowfins (Amiidae)  (1)
Callichthyid Armored Catfishes (Callichthyidae)  (1)
Carps (Cyprinidae)  (1)
Cichlids and Tilapias (Cichlidae)  (19)
Eels (Synbranchidae)  (1)
Freshwater Spiny Eels (Mastacembelidae)  (1)
Gars (Lepisosteidae)  (4)
Gouramies (Osphronemidae)  (1)
Livebearers (Poeciliidae)  (7)
Minnows; shiners; chubs (Leuciscidae)  (7)
New World Silversides (Atherinopsidae)  (1)
North American Catfishes (Ictaluridae)  (4)
Perches and Darters (Percidae)  (2)
Pikes and Mudminnows (Esocidae)  (3)
Pirate Perches (Aphredoderidae)  (1)
Pupfishes (Cyprinodontidae)  (1)
Pygmy Sunfishes (Elassomatidae)  (4)
Sleepers (Eleotridae)  (1)
Snakeheads (Channidae)  (1)
Spined Loaches (Cobitidae)  (1)
Suckers (Catostomidae)  (1)
Sunfishes (Centrarchidae)  (15)
Temperate Basses (Moronidae)  (1)
Topminnows (Fundulidae)  (9)
search fish habitats
All Habitats
Anadromous  (1)
Coastal  (51)
Diadromous  (12)
Flowing freshwater  (72)
Non-flowing freshwater  (88)
search fish features
All Features
Arched body  (1)
Armored body  (1)
Barbels  (4)
Black stripe  (8)
Cylindrical body  (9)
Deep body  (33)
Diamond-shaped scales  (3)
Eel-like  (3)
Elongate body  (9)
Two dorsal fins  (4)
Upturned mouth  (13)
search fish regions
All Regions
Peninsula drainages  (77)
South Florida  (1)
the Atlantic Coast  (1)
the Gulf Coast  (1)
Western and North Central Florida drainages  (60)
search fish status
All Status
Marine invader  (1)
Native freshwater  (54)
Non-indigenous freshwater  (33)
search fish drainages
All Drainages
Apalachicola River  (45)
Blackwater River  (37)
Caloosahatchee River  (38)
Choctawhatchee River  (45)
Econfina Creek  (35)
Escambia River  (41)
Everglades  (63)
Indian River  (40)
Lake Okeechobee  (44)
minor Gulf tributaries  (47)
Myakka/Peace River  (37)
Ochlockonee River  (45)
Perdido River  (39)
St. John's River  (52)
St. Mary's River  (39)
Suwannee River  (49)
Tampa Bay  (53)
Tolomato/Matanzas River  (23)
Withlacoochee River  (40)
Yellow River  (41)
RESET

Found 88 Results

Southern Platyfish
Green Swordtail
Sailfin Molly
Least Killifish
Eastern Mosquitofish
Pike Killifish
Flagfish
Bluefin Killifish
Pygmy Killifish
Seminole Killifish
Redface Topminnow
Lined Topminnow"
Florida Museum,,https://www.floridamuseum.ufl.edu/discover-fish/florida-fishes-gallery/?_sft_habitat=non-flowing-freshwater&lang=en&sf_paged=6,Non-flowing freshwater,,,florida-museum-florida-fishes-gallery-23674bfa,"This searchable gallery includes 220 entries of Florida freshwater fishes, each with a live image, key characteristics for field identification and habitat description.

The Flagfish, included in this gallery, is one of three freshwater species native only to Florida. Florida Museum photo by Zachary Randall

The information is based on the “Fishes in the Fresh Waters of Florida” guide and atlas written by Florida Museum ichthyologists and published by the University Press of Florida in 2018. This book is available for purchase on the UPF website, and includes dot distribution maps and comparisons to similar species.

Use the search field below for specific inquiries, or sort fish based on families, key features, region, status or specific drainages in which species are found. Or, browse all species below.

All images subject to copyright. Non-Florida Museum photographers must be contacted directly for permission to use their images.

search for fishes
search fish families
All Families
Bowfins (Amiidae)  (1)
Callichthyid Armored Catfishes (Callichthyidae)  (1)
Carps (Cyprinidae)  (1)
Cichlids and Tilapias (Cichlidae)  (19)
Eels (Synbranchidae)  (1)
Freshwater Spiny Eels (Mastacembelidae)  (1)
Gars (Lepisosteidae)  (4)
Gouramies (Osphronemidae)  (1)
Livebearers (Poeciliidae)  (7)
Minnows; shiners; chubs (Leuciscidae)  (7)
New World Silversides (Atherinopsidae)  (1)
North American Catfishes (Ictaluridae)  (4)
Perches and Darters (Percidae)  (2)
Pikes and Mudminnows (Esocidae)  (3)
Pirate Perches (Aphredoderidae)  (1)
Pupfishes (Cyprinodontidae)  (1)
Pygmy Sunfishes (Elassomatidae)  (4)
Sleepers (Eleotridae)  (1)
Snakeheads (Channidae)  (1)
Spined Loaches (Cobitidae)  (1)
Suckers (Catostomidae)  (1)
Sunfishes (Centrarchidae)  (15)
Temperate Basses (Moronidae)  (1)
Topminnows (Fundulidae)  (9)
search fish habitats
All Habitats
Anadromous  (1)
Coastal  (51)
Diadromous  (12)
Flowing freshwater  (72)
Non-flowing freshwater  (88)
search fish features
All Features
Arched body  (1)
Armored body  (1)
Barbels  (4)
Black stripe  (8)
Cylindrical body  (9)
Deep body  (33)
Diamond-shaped scales  (3)
Eel-like  (3)
Elongate body  (9)
Two dorsal fins  (4)
Upturned mouth  (13)
search fish regions
All Regions
Peninsula drainages  (77)
South Florida  (1)
the Atlantic Coast  (1)
the Gulf Coast  (1)
Western and North Central Florida drainages  (60)
search fish status
All Status
Marine invader  (1)
Native freshwater  (54)
Non-indigenous freshwater  (33)
search fish drainages
All Drainages
Apalachicola River  (45)
Blackwater River  (37)
Caloosahatchee River  (38)
Choctawhatchee River  (45)
Econfina Creek  (35)
Escambia River  (41)
Everglades  (63)
Indian River  (40)
Lake Okeechobee  (44)
minor Gulf tributaries  (47)
Myakka/Peace River  (37)
Ochlockonee River  (45)
Perdido River  (39)
St. John's River  (52)
St. Mary's River  (39)
Suwannee River  (49)
Tampa Bay  (53)
Tolomato/Matanzas River  (23)
Withlacoochee River  (40)
Yellow River  (41)
RESET

Found 88 Results

Russetfin Topminnow
Banded Topminnow
Golden Topminnow
Western Starhead Topminnow
Golden Silverside
Pirate Perch
Eastern Mudminnow
Chain Pickerel
Redfin Pickerel
Tadpole Madtom
Brown Bullhead
Yellow Bullhead"
Florida Museum,,https://www.floridamuseum.ufl.edu/discover-fish/florida-fishes-gallery/?_sft_habitat=non-flowing-freshwater&lang=en&sf_paged=7,Non-flowing freshwater,,,florida-museum-florida-fishes-gallery-8910372a,"This searchable gallery includes 220 entries of Florida freshwater fishes, each with a live image, key characteristics for field identification and habitat description.

The Flagfish, included in this gallery, is one of three freshwater species native only to Florida. Florida Museum photo by Zachary Randall

The information is based on the “Fishes in the Fresh Waters of Florida” guide and atlas written by Florida Museum ichthyologists and published by the University Press of Florida in 2018. This book is available for purchase on the UPF website, and includes dot distribution maps and comparisons to similar species.

Use the search field below for specific inquiries, or sort fish based on families, key features, region, status or specific drainages in which species are found. Or, browse all species below.

All images subject to copyright. Non-Florida Museum photographers must be contacted directly for permission to use their images.

search for fishes
search fish families
All Families
Bowfins (Amiidae)  (1)
Callichthyid Armored Catfishes (Callichthyidae)  (1)
Carps (Cyprinidae)  (1)
Cichlids and Tilapias (Cichlidae)  (19)
Eels (Synbranchidae)  (1)
Freshwater Spiny Eels (Mastacembelidae)  (1)
Gars (Lepisosteidae)  (4)
Gouramies (Osphronemidae)  (1)
Livebearers (Poeciliidae)  (7)
Minnows; shiners; chubs (Leuciscidae)  (7)
New World Silversides (Atherinopsidae)  (1)
North American Catfishes (Ictaluridae)  (4)
Perches and Darters (Percidae)  (2)
Pikes and Mudminnows (Esocidae)  (3)
Pirate Perches (Aphredoderidae)  (1)
Pupfishes (Cyprinodontidae)  (1)
Pygmy Sunfishes (Elassomatidae)  (4)
Sleepers (Eleotridae)  (1)
Snakeheads (Channidae)  (1)
Spined Loaches (Cobitidae)  (1)
Suckers (Catostomidae)  (1)
Sunfishes (Centrarchidae)  (15)
Temperate Basses (Moronidae)  (1)
Topminnows (Fundulidae)  (9)
search fish habitats
All Habitats
Anadromous  (1)
Coastal  (51)
Diadromous  (12)
Flowing freshwater  (72)
Non-flowing freshwater  (88)
search fish features
All Features
Arched body  (1)
Armored body  (1)
Barbels  (4)
Black stripe  (8)
Cylindrical body  (9)
Deep body  (33)
Diamond-shaped scales  (3)
Eel-like  (3)
Elongate body  (9)
Two dorsal fins  (4)
Upturned mouth  (13)
search fish regions
All Regions
Peninsula drainages  (77)
South Florida  (1)
the Atlantic Coast  (1)
the Gulf Coast  (1)
Western and North Central Florida drainages  (60)
search fish status
All Status
Marine invader  (1)
Native freshwater  (54)
Non-indigenous freshwater  (33)
search fish drainages
All Drainages
Apalachicola River  (45)
Blackwater River  (37)
Caloosahatchee River  (38)
Choctawhatchee River  (45)
Econfina Creek  (35)
Escambia River  (41)
Everglades  (63)
Indian River  (40)
Lake Okeechobee  (44)
minor Gulf tributaries  (47)
Myakka/Peace River  (37)
Ochlockonee River  (45)
Perdido River  (39)
St. John's River  (52)
St. Mary's River  (39)
Suwannee River  (49)
Tampa Bay  (53)
Tolomato/Matanzas River  (23)
Withlacoochee River  (40)
Yellow River  (41)
RESET

Found 88 Results

White Catfish
Brown Hoplo
Oriental Weatherfish
Lake Chubsucker
Bluenose Shiner
Pugnose Minnow
Coastal Shiner
Blackmouth Shiner
Taillight Shiner
Golden Shiner
Cypress Minnow
Common Carp"
Florida Museum,,https://www.floridamuseum.ufl.edu/discover-fish/florida-fishes-gallery/?_sft_habitat=non-flowing-freshwater&lang=en&sf_paged=8,Non-flowing freshwater,,,florida-museum-florida-fishes-gallery-09b05667,"This searchable gallery includes 220 entries of Florida freshwater fishes, each with a live image, key characteristics for field identification and habitat description.

The Flagfish, included in this gallery, is one of three freshwater species native only to Florida. Florida Museum photo by Zachary Randall

The information is based on the “Fishes in the Fresh Waters of Florida” guide and atlas written by Florida Museum ichthyologists and published by the University Press of Florida in 2018. This book is available for purchase on the UPF website, and includes dot distribution maps and comparisons to similar species.

Use the search field below for specific inquiries, or sort fish based on families, key features, region, status or specific drainages in which species are found. Or, browse all species below.

All images subject to copyright. Non-Florida Museum photographers must be contacted directly for permission to use their images.

search for fishes
search fish families
All Families
Bowfins (Amiidae)  (1)
Callichthyid Armored Catfishes (Callichthyidae)  (1)
Carps (Cyprinidae)  (1)
Cichlids and Tilapias (Cichlidae)  (19)
Eels (Synbranchidae)  (1)
Freshwater Spiny Eels (Mastacembelidae)  (1)
Gars (Lepisosteidae)  (4)
Gouramies (Osphronemidae)  (1)
Livebearers (Poeciliidae)  (7)
Minnows; shiners; chubs (Leuciscidae)  (7)
New World Silversides (Atherinopsidae)  (1)
North American Catfishes (Ictaluridae)  (4)
Perches and Darters (Percidae)  (2)
Pikes and Mudminnows (Esocidae)  (3)
Pirate Perches (Aphredoderidae)  (1)
Pupfishes (Cyprinodontidae)  (1)
Pygmy Sunfishes (Elassomatidae)  (4)
Sleepers (Eleotridae)  (1)
Snakeheads (Channidae)  (1)
Spined Loaches (Cobitidae)  (1)
Suckers (Catostomidae)  (1)
Sunfishes (Centrarchidae)  (15)
Temperate Basses (Moronidae)  (1)
Topminnows (Fundulidae)  (9)
search fish habitats
All Habitats
Anadromous  (1)
Coastal  (51)
Diadromous  (12)
Flowing freshwater  (72)
Non-flowing freshwater  (88)
search fish features
All Features
Arched body  (1)
Armored body  (1)
Barbels  (4)
Black stripe  (8)
Cylindrical body  (9)
Deep body  (33)
Diamond-shaped scales  (3)
Eel-like  (3)
Elongate body  (9)
Two dorsal fins  (4)
Upturned mouth  (13)
search fish regions
All Regions
Peninsula drainages  (77)
South Florida  (1)
the Atlantic Coast  (1)
the Gulf Coast  (1)
Western and North Central Florida drainages  (60)
search fish status
All Status
Marine invader  (1)
Native freshwater  (54)
Non-indigenous freshwater  (33)
search fish drainages
All Drainages
Apalachicola River  (45)
Blackwater River  (37)
Caloosahatchee River  (38)
Choctawhatchee River  (45)
Econfina Creek  (35)
Escambia River  (41)
Everglades  (63)
Indian River  (40)
Lake Okeechobee  (44)
minor Gulf tributaries  (47)
Myakka/Peace River  (37)
Ochlockonee River  (45)
Perdido River  (39)
St. John's River  (52)
St. Mary's River  (39)
Suwannee River  (49)
Tampa Bay  (53)
Tolomato/Matanzas River  (23)
Withlacoochee River  (40)
Yellow River  (41)
RESET

Found 88 Results

Florida Gar
Longnose Gar
Spotted Gar
Alligator Gar"
Florida Museum,,https://www.floridamuseum.ufl.edu/discover-fish/florida-fishes-gallery/alligator-gar/,Non-flowing freshwater,https://www.floridamuseum.ufl.edu/wp-content/uploads/sites/66/2020/02/Plate-10-2048x1261.jpg,output/images_all/florida-museum-alligator-gar-7c6afe4f.jpg,florida-museum-alligator-gar-7c6afe4f,"Atractosteus spatula
Family Lepisosteidae
(Lacepéde 1803)
The topmost alligator gar image is from the Marion Fish Hatchery in Alabama. Image courtesy of Matthew R. The middle and bottommost alligator gars pictured above are from the Private John Allen National Fish Hatchery in Mississippi (UF 238407). Florida Museum photos by Zachary Randall.

The alligator gar has a broad snout, two rows of teeth on the upper jaw and between 59 and 66 laterally compressed rakers. It can be found in swamps, bayous, lakes and sluggish pools and backwaters of large rivers. It is rarely found in brackish or salt water, and is a member of the gar family.

Status & distribution
Status — Native freshwater
Florida Distribution — Western and North Central drainages
River Drainages — Escambia River, Yellow River, Choctawhatchee River and Econfina Creek
VIEW SPECIES IN COLLECTION DATABASE NEW GALLERY SEARCH
Similar Species
Spotted Gar"
Florida Museum,,https://www.floridamuseum.ufl.edu/discover-fish/florida-fishes-gallery/apalachicola-redhorse/,Flowing freshwater,https://www.floridamuseum.ufl.edu/wp-content/uploads/sites/66/2020/02/Plate-66-2048x1339.jpg,output/images_all/florida-museum-apalachicola-redhorse-00d32f2b.jpg,florida-museum-apalachicola-redhorse-00d32f2b,"Moxostoma species
Family Catostomidae
The photo above shows an adult, top, and juvenile, bottom, Apalachicola redhorse. These fish were collected in 2015 are are now part of the Florida Museum ichthyology collection, UF 237849

The Apalachicola redhorse is a member of the sucker family. It has a slightly U-shaped rear edge on the lower lip and blade-like teeth on the slender pharyngeal arch. The caudal fin is red with a black submarginal band. This species can be found in rocky pools, and in sandy runs and riffles of small to large rivers.

Status & distribution
Status — Native freshwater
Florida Distribution — Western and North Central drainages
River Drainages — Econfina Creek and the Apalachicola River
NEW GALLERY SEARCH
Similar Species
River Redhorse
Blacktail Redhorse"
Florida Museum,,https://www.floridamuseum.ufl.edu/discover-fish/florida-fishes-gallery/choctaw-bass/,Flowing freshwater,https://www.floridamuseum.ufl.edu/wp-content/uploads/sites/66/2020/02/Plate-157-2048x1506.jpg,output/images_all/florida-museum-choctaw-bass-5a329570.jpg,florida-museum-choctaw-bass-5a329570,"Micropterus species
Vladykov 1955
Family Centrarchidae
The photo above shows an adult, top, and juvenile, bottom, Choctaw bass. These fish are now part of the Florida Museum ichthyology collection. Top: UF 190928 Bottom: UF 237769 Florida Museum by Zachary Randall

The Choctaw bass is a member of the sunfish family. It has an elongate body and large mouth, and the upper jaw extends under the rear half of the eye. The body varies from silver-white to brassy green with dark olive mottling along the back and upper side. There is a black stripe along the side, rows of discrete black spots on the lower side and a black caudal spot. Choctaw bass can be found in ravel-bottomed runs and pools of creeks and small to medium rivers

Status & distribution
Status — Native freshwater
Florida Distribution — Western and North Central drainages
River Drainages — Perdido River, Escambia River, Blackwater River, Yellow River and the Choctawhatchee River
NEW GALLERY SEARCH
Similar Species
Largemouth Bass
Spotted Bass
Shoal Bass"
Florida Museum,,https://www.floridamuseum.ufl.edu/discover-fish/florida-fishes-gallery/everglades-pygmy-sunfish/,Non-flowing freshwater,https://www.floridamuseum.ufl.edu/wp-content/uploads/sites/66/2020/02/Plate-160-2048x1920.jpg,output/images_all/florida-museum-everglades-pygmy-sunfish-aed5e8f0.jpg,florida-museum-everglades-pygmy-sunfish-aed5e8f0,"Elassoma evergladei
Jordan 1884
Family Elassomatidae
The photo above shows a male, top, and a female, bottom, Everglades pygmy sunfish. These fish are now part of the Florida Museum ichthyology collection. Top: UF 187983 Bottom: UF 236758 Florida Museum photo by Zachary Randall

The Everglades pygmy sunfish is part of the pygmy sunfish family. It often has embedded scales on top of the head and dark brown lips, and the head and body are light to dark brown with many black specks and spots. There are no large black spots on the upper side of the body near the dorsal fin origin. Large males are black with bright iridescent blue spots on the side of the body and below the eye, and white spots on the blue dorsal, anal and pelvic fins. Everglades pygmy sunfish can be found in swamps, vegetated sloughs, ditches and backwaters of small streams.

Status & distribution
Status — Native freshwater
Florida Distribution — Western and North Central and Peninsula drainages
River Drainages — Perdido River, Escambia River, Blackwater River, Yellow River, Choctawhatchee River, Econfina Creek, Apalachicola River, Ochlockonee River, minor Gulf tributaries, Suwannee River, Withlacoochee River, Tampa Bay, the Myakka or Peace River, Lake Okeechobee, Caloosahatchee River, the Everglades, Indian River, the Tolomato or Matanzas River, St. John’s River and the St. Mary’s River
VIEW SPECIES IN COLLECTION DATABASE NEW GALLERY SEARCH
Similar Species
Gulf Coast Pygmy Sunfish
Okefenokee Pygmy Sunfish"
Florida Museum,,https://www.floridamuseum.ufl.edu/discover-fish/florida-fishes-gallery/mozambique-tilapia/,Flowing freshwater; Non-flowing freshwater,https://www.floridamuseum.ufl.edu/wp-content/uploads/sites/66/2020/02/Plate-206-1553x2048.jpg,output/images_all/florida-museum-mozambique-tilapia-6b041f74.jpg,florida-museum-mozambique-tilapia-6b041f74,"Oreochromis mossambicus
(Peters 1852)
Family Cichlidae
From top to bottom, the photo above shows two adult Mozambique tilapia and a juvenile. These fish were photographed by Howard L. Jelks (top & bottom) and Robert H. Robins (middle), and are now part of the Florida Museum ichthyology collection. Middle: UF 238358 Bottom: UF 180970

The Mozambique tilapia is a member of the cichlid and tilapia family. It has a moderately deep-bodied, compressed shape. This species is silver to gray with between two and seven black blotches along the side of the body. There are also black bars that extend from these blotches to the dorsal fins, and breeding males are charcoal gray to black with a white to yellow gold throat and cheek. The jaws of breeding males are elongated and the dorsal head profile is concave. The teeth are typically bicuspid, but gradually become unicuspid in large individuals. The “tilapia spot” is found anteriorly on the base of the dorsal fin and is most prominent in juveniles. Mozambique tilapia live in a wide variety of habitats including roadside ditches, canals, springs, wet prairies, creeks, rivers and lakes with vegetation.

Status & distribution
Status — Non-indigenous freshwater
Florida Distribution — Western and North Central drainages
River Drainages — the Everglades and the Indian River
VIEW SPECIES IN COLLECTION DATABASE NEW GALLERY SEARCH
Similar Species
Blue Tilapia
Nile Tilapia
Blackchin Tilapia"
Florida Museum,,https://www.floridamuseum.ufl.edu/discover-fish/florida-fishes-gallery/sailfin-catfishes/,Flowing freshwater,https://www.floridamuseum.ufl.edu/wp-content/uploads/sites/66/2020/02/Plate-70-2048x1561.jpg,output/images_all/florida-museum-sailfin-catfishes-f3233558.jpg,florida-museum-sailfin-catfishes-f3233558,"Pterygoplichthys
Gill 1858
Family Loricariidae
The photo above shows an adult, top, and juvenile, bottom, sailfin catfish. These fish are now part of the Florida Museum ichthyology collection. Top: UF 238091 Bottom: UF 187063 Florida Museum photo by Zachary Randall

There are three species of sailfin catfish in Florida: the vermiculated sailfin catfish, the Orinoco sailfin catfish and the Amazon sailfin catfish. These species have a very large dorsal fins with one spine and between 10 and 14 branched rays. These three species readily hybridize and only differ in color pattern. Sailfin catfishes can be found in canals, creeks, small rivers, springs and lakes. They’re often found near vegetation and woody debris.

The photo above shows an Amazon sailfin catfish, left, and a vermiculated sailfin catfish, right. These fish are now part of the Florida Museum ichthyology collection. Left: UF 238091 Right: UF 238109 Florida Museum photo by Zachary Randall
Status & distribution
Status — Non-indigenous freshwater
Florida Distribution — Western and North Central and Peninsula drainages
River Drainages — Suwannee River, Withlacoochee River, Tampa Bay, the Myakka or Peace River, Lake Okeechobee, Caloosahatchee River, the Everglades, Indian River and the St. John’s River
NEW GALLERY SEARCH
Similar Species
Suckermouth Catfish"
Florida Museum,,https://www.floridamuseum.ufl.edu/discover-fish/florida-fishes-gallery/white-bass/,Non-flowing freshwater,https://www.floridamuseum.ufl.edu/wp-content/uploads/sites/66/2020/02/Plate-134_2-1779x2048.jpg,output/images_all/florida-museum-white-bass-1035717a.jpg,florida-museum-white-bass-1035717a,"Morone Chrysops
(Rafinesque 1820)
Family Moronidae
The photo above shows two adult white bass and a juvenile, bottom. These fish are now part of the Florida Museum ichthyology collection. Top: UF 237878 Middle: 187099 Bottom: UF 238444 Florida Museum photo by Zachary Randall

The white bass is a member of the temperate bass family. There are between four and seven dark gray brown stripes on the side of the body, which is deep and strongly arched body between the head and first dorsal fin. The fins are clear to dark gray. White bass can be found in lakes, impoundments and ponds, and in pools of small to large rivers.

Status & distribution
Status — Non-indigenous freshwater
Florida Distribution — Western and North Central and Peninsula drainages
River Drainages — Blackwater River and the Yellow River
VIEW SPECIES IN COLLECTION DATABASE NEW GALLERY SEARCH
Similar Species
Striped Bass"
Florida Museum,Acantharchus pomotis,https://www.floridamuseum.ufl.edu/discover-fish/florida-fishes-gallery/mud-sunfish/,Non-flowing freshwater,https://www.floridamuseum.ufl.edu/wp-content/uploads/sites/66/2020/02/Plate-136-2048x1112.jpg,output/images_all/florida-museum-mud-sunfish-7b1f1421.jpg,florida-museum-mud-sunfish-7b1f1421,"Acantharchus pomotis
(Baird 1855)
Family Centrarchidae
The mud sunfish pictured above was collected in Columbia County, Florida in 2016. It is now part of the Florida Museum ichthyology collection, UF 238458. Florida Museum photo by Zachary Randall

The mud sunfish is a member of the sunfish family. It has a rounded caudal fin, compressed body, large eye, short snout and large mouth. There are between three and four parallel brown to black stripes across the side of the head, and the upper jaw extends under the eye. Mud sunfish can be found in swamps, sloughs, lakes and pools, and in the backwaters of creeks and small to medium rivers. Mud sunfish are usually found near vegetation.

Status & distribution
Status — Native freshwater
Florida Distribution — Western and North Central and Peninsula drainages
River Drainages — Ochlockonee River, minor Gulf tributaries, Suwannee River, St. John’s River and the St. Mary’s River
VIEW SPECIES IN COLLECTION DATABASE NEW GALLERY SEARCH"
Florida Museum,Acipenser brevirostrum,https://www.floridamuseum.ufl.edu/discover-fish/florida-fishes-gallery/shortnose-sturgeon/,Diadromous,https://www.floridamuseum.ufl.edu/wp-content/uploads/sites/66/2020/02/Plate-6-2048x507.jpg,output/images_all/florida-museum-shortnose-sturgeon-dfb9e376.jpg,florida-museum-shortnose-sturgeon-dfb9e376,"Acipenser brevirostrum
Lesueur 1818
Family Acipenseridae
The shortnose sturgeon shown above was found in the Altamaha River in Georgia. Photograph courtesy of the University of Georgia Sturgeon Research Lab

The shortnose sturgeon is a member of the sturgeon family and has a large mouth, short and blunt V-shaped snout and bony scutes. It can be found in large rivers, lakes, estuaries and bays, as well as occasionally in the open ocean.

Status & distribution
Status — Native freshwater
Florida Distribution — Peninsula drainages
River Drainages — St. John’s River
VIEW SPECIES IN COLLECTION DATABASE NEW GALLERY SEARCH
Similar Species
Gulf Sturgeon
Atlantic Stingray"
Florida Museum,Acipenser desotoi,https://www.floridamuseum.ufl.edu/discover-fish/florida-fishes-gallery/gulf-sturgeon/,Diadromous,https://www.floridamuseum.ufl.edu/wp-content/uploads/sites/66/2020/02/Plate-7-2048x518.jpg,output/images_all/florida-museum-gulf-sturgeon-4e202fc0.jpg,florida-museum-gulf-sturgeon-4e202fc0,"Acipenser desotoi
Vladykov 1955
Family Acipenseridae
The Gulf Sturgeon shown above is from the Suwannee River, Florida (UF 238429). It was imaged at the Welaka National Fish Hatchery. Florida Museum photo by Zachary Randall

The Gulf sturgeon is physically similar to the Atlantic sturgeon but can be distinguished by the presence of squarish dorsal scutes, each with two pronounced hooks. It can be found in gravel and rock pools and runs of large rivers.

Status & distribution
Status — Native freshwater
Florida Distribution — Western and North Central drainages
River Drainages — Perdido River, Escambia River, Blackwater River, Yellow River, Choctawhatchee River, Econfina Creek, Apalachicola River, minor Gulf tributaries and the Suwannee River
VIEW SPECIES IN COLLECTION DATABASE NEW GALLERY SEARCH
Similar Species
Atlantic Stingray"
Florida Museum,Acipenser oxyrinchus,https://www.floridamuseum.ufl.edu/discover-fish/florida-fishes-gallery/atlantic-sturgeon/,Diadromous,https://www.floridamuseum.ufl.edu/wp-content/uploads/sites/66/2020/02/Plate-8-2048x504.jpg,output/images_all/florida-museum-atlantic-sturgeon-ba4182aa.jpg,florida-museum-atlantic-sturgeon-ba4182aa,"Acipenser oxyrinchus
Mitchill 1815
Family Acipenseridae
This Atlantic Sturgeon is from the Bears Bluff National Fish Hatchery in South Carolina (UF 238430). Florida Museum photo by Zachary Randall

The Atlantic sturgeon is a member of the sturgeon family and has scutes, a relatively small mouth and a long, sharply V-shaped snout. The Atlantic sturgeon ascends coastal rivers to spawn.

Status & distribution
Status — Native freshwater
Florida Distribution — Peninsula drainages
River Drainages — St. John’s River and the Indian River
VIEW SPECIES IN COLLECTION DATABASE NEW GALLERY SEARCH
Similar Species
Gulf Sturgeon"
Florida Museum,Alburnops baileyi,https://www.floridamuseum.ufl.edu/discover-fish/florida-fishes-gallery/rough-shiner/,Flowing freshwater,https://www.floridamuseum.ufl.edu/wp-content/uploads/sites/66/2020/02/Plate-43-2048x1562.jpg,output/images_all/florida-museum-rough-shiner-30f66fb6.jpg,florida-museum-rough-shiner-30f66fb6,"Alburnops baileyi
(Suttkus & Raney 1955)
Family Leuciscidae
The picture above shows the difference between a male, bottom, and a breeding male, top. These specimens were collected from Escambia County, Florida in 2015 and are now part of the Florida Museum ichthyology collection, UF 237650. Florida Museum photo by Zachary Randall

Rough shiners are members of the minnow, shiner and chub family. They are red-brown on their backs and upper sides, and their side bodies are uniformly dark from the tip of the lower jaw to their caudal fin base. Rough shiners can be found in sand-and-gravel bottomed runs and pools of creeks and small rivers.

Status & distribution
Status — Non-indigenous freshwater
Florida Distribution — Western and North Central drainages
River Drainages — the Escambia River
VIEW SPECIES IN COLLECTION DATABASE NEW GALLERY SEARCH
Similar Species
Striped Shiner"
Florida Museum,Alburnops chalybaeus,https://www.floridamuseum.ufl.edu/discover-fish/florida-fishes-gallery/ironcolor-shiner/,Flowing freshwater,https://www.floridamuseum.ufl.edu/wp-content/uploads/sites/66/2020/02/Plate-44-2048x647.jpg,output/images_all/florida-museum-ironcolor-shiner-8d67bfc3.jpg,florida-museum-ironcolor-shiner-8d67bfc3,"Alburnops chalybaeus
(Cope 1867)
Family Leuciscidae
The ironcolor shiner shown above was collected from a Santa Fe River drainage in Union County, Florida in 2016. It is now part of the Florida Museum ichthyology collection, UF 238520. Florida Museum photo by Zachary Randall

Ironcolor shiners are members of the minnow, shiner and chub family. They have a black stripe beginning at the mouth that covers the lips and chin, pointed snouts and the inside of the mouth is black. This species can be found in clear, vegetated and sand-bottomed pools and runs of creeks and small rivers.

Status & distribution
Status — Native freshwater
Florida Distribution — Western and North Central and Peninsula drainages
River Drainages — Perdido River, Escambia River, Blackwater River, Yellow River, Choctawhatchee River, Apalachicola River, Ochlockonee River, minor Gulf tributaries, Suwannee River, Tampa Bay, the Myakka or Peace River, Lake Okeechobee, Caloosahatchee River, Everglades, the Tolomato or Matanzas River, St. John’s River and the St. Mary’s River
VIEW SPECIES IN COLLECTION DATABASE NEW GALLERY SEARCH
Similar Species
Blackmouth Shiner
Coastal Shiner
Bluenose Shiner"
Florida Museum,Alburnops petersoni,https://www.floridamuseum.ufl.edu/discover-fish/florida-fishes-gallery/coastal-shiner/,Non-flowing freshwater,https://www.floridamuseum.ufl.edu/wp-content/uploads/sites/66/2020/02/Plate-49-2048x799.jpg,output/images_all/florida-museum-coastal-shiner-1fd5df42.jpg,florida-museum-coastal-shiner-1fd5df42,"Alburnops petersoni
(Fowler 1942)
Family Leuciscidae
The coastal shiner pictured above was collected from the Little Manatee River in Hillsborough County, Florida. It is now part of the Florida Museum ichthyology collection, UF 236203. Florida Museum photo by Zachary Randall

The coastal shiner is a member of the minnow, shiner and chub family. It has a black stripe along the side of its body and a black wedge-shaped spot on the caudal fin base. All rays of the anal fin are lined with black, and this species has a small and terminal mouth. Coastal shiners can be found in lakes and sandy pools, as well as in the backwaters of creeks and small to large rivers.

Status & distribution
Status — Native freshwater
Florida Distribution — Western and North Central and Peninsula drainages
River Drainages — Perdido River, Escambia River, Blackwater River, Yellow River, Choctawhatchee River, Econfina Creek, Apalachicola River, Ochlockonee River, minor Gulf tributaries, Suwannee River, Withlacoochee River, Tampa Bay, the Myakka or Peace River, Lake Okeechobee, Caloosahatchee River, the Everglades, St. John’s River and St. Mary’s River
VIEW SPECIES IN COLLECTION DATABASE NEW GALLERY SEARCH
Similar Species
Weed Shiner
Dusky Shiner"
Florida Museum,Alburnops texanus,https://www.floridamuseum.ufl.edu/discover-fish/florida-fishes-gallery/weed-shiner/,Flowing freshwater,https://www.floridamuseum.ufl.edu/wp-content/uploads/sites/66/2020/02/Plate-50-2048x765.jpg,output/images_all/florida-museum-weed-shiner-1f65630c.jpg,florida-museum-weed-shiner-1f65630c,"Alburnops texanus
(Girard 1856)
Family Leuciscidae
The weed shiner pictured above was collected in Gadsden County, Florida in 2014. It is now part of the Florida Museum ichthyology collection, UF 187816. Florida Museum photo by Zachary Randall

The weed shiner is a member of the minnow, shiner and chub family, and has a black stripe along the side of the body from the snout to the caudal fin. Weed shiners have a crosshatched appearance on the lower side of their bodies, and between three and four posterior anal fins that are lined with black. They can be found in sandy runs and pools of creeks and in small to medium rivers.

Status & distribution
Status — Native freshwater
Florida Distribution — Western and North Central drainages
River Drainages — Perdido River, Escambia River, Blackwater River, Yellow River, Choctawhatchee River, Econfina Creek, Apalachicola River, Ochlockonee River, minor Gulf tributaries and the Suwannee River
VIEW SPECIES IN COLLECTION DATABASE NEW GALLERY SEARCH
Similar Species
Coastal Shiner"
Florida Museum,Alosa aestivalis,https://www.floridamuseum.ufl.edu/discover-fish/florida-fishes-gallery/blueback-herring/,Diadromous,https://www.floridamuseum.ufl.edu/wp-content/uploads/sites/66/2020/02/Plate-21-2048x711.jpg,output/images_all/florida-museum-blueback-herring-032de495.jpg,florida-museum-blueback-herring-032de495,"Alosa aestivalis
Mitchill 1814
Family Clupeidae
The blueback herring pictured above was collected in Volusia County, Florida in 2016. It is now part of the Florida Museum ichthyology collection, UF 238448. Florida Museum photo by Zachary Randall

The blueback herring is a member of the herring family, and has a lower jaw that projects only slightly beyond the snout. It has between 44 and 50 rakers on the lower limb of the first gill arch. Blueback herrings live along the Atlantic Coast and usually ascend the St. John’s River during spawning season.

Status & distribution
Status — Native freshwater
Florida Distribution — Peninsula drainages
River Drainages — St. John’s River
VIEW SPECIES IN COLLECTION DATABASE NEW GALLERY SEARCH
Similar Species
Hickory Shad
Blueback Herring
American Shad"
Florida Museum,Alosa alabamae,https://www.floridamuseum.ufl.edu/discover-fish/florida-fishes-gallery/alabama-shad/,Diadromous,https://www.floridamuseum.ufl.edu/wp-content/uploads/sites/66/2020/02/Plate-22-2048x607.jpg,output/images_all/florida-museum-alabama-shad-1f44b9f4.jpg,florida-museum-alabama-shad-1f44b9f4,"Alosa alabamae
Jordan and Evermann 1896
Family Clupeidae
The Alabama shad pictured above was collected in Gulf County, Florida in 2015. It is now part of the Florida Museum ichthyology collection, UF 238451. Florida Museum photo by Zachary Randall

The Alabama shad is a member of the herring family. This species lacks teeth on the jaws, and its cheek is deeper than it is long. Alabama shad have between 42 and 48 rakers on the lower limb of the first gill arch of the adult. This is a marine species that lives along the Gulf Coast and ascends rivers during its spawning season.

Status & distribution
Status — Native freshwater
Florida Distribution — Western and North Central drainages
River Drainages — Escambia River, Yellow River, Choctawhatchee River, Econfina Creek, Apalachicola River, Ochlockonee River and the Suwannee River
VIEW SPECIES IN COLLECTION DATABASE NEW GALLERY SEARCH
Similar Species
American Shad
Skipjack Herring"
Florida Museum,Alosa chrysochloris,https://www.floridamuseum.ufl.edu/discover-fish/florida-fishes-gallery/skipjack-herring/,Flowing freshwater,https://www.floridamuseum.ufl.edu/wp-content/uploads/sites/66/2020/02/Plate-23-2048x645.jpg,output/images_all/florida-museum-skipjack-herring-6d3ffaab.jpg,florida-museum-skipjack-herring-6d3ffaab,"Alosa chrysochloris
(Rafinesque 1820)
Family Clupeidae
The skipjack herring pictured above was collected in LaSalle County, Illinois. Photo courtesy of Uland Thomas

The skipjack herring is a member of the herring family, and has a lower jaw that projects beyond the snout and between 20 and 24 rakers on the lower limb of the first gill arch. These herrings live in sand and gravel runs of medium to large rivers, and can be found in large reservoirs. This species occasionally enters brackish environments.

Status & distribution
Status — Native freshwater
Florida Distribution — Western and North Central and Peninsula drainages
River Drainages — Perdido River, Escambia River, Yellow River, Choctawhatchee River, Apalachicola River and the Suwannee River
VIEW SPECIES IN COLLECTION DATABASE NEW GALLERY SEARCH
Similar Species
Hickory Shad
Alabama Shad"
Florida Museum,Alosa mediocris,https://www.floridamuseum.ufl.edu/discover-fish/florida-fishes-gallery/hickory-shad/,Diadromous,https://www.floridamuseum.ufl.edu/wp-content/uploads/sites/66/2020/02/Plate-24-2048x800.jpg,output/images_all/florida-museum-hickory-shad-dae95c6a.jpg,florida-museum-hickory-shad-dae95c6a,"Alosa mediocris
(Mitchill 1814)
Family Clupeidae
The hickory shad pictured above was collected in Volusia County, Florida in 2016. It is now part of the Florida Museum ichthyology collection, UF 238450. Florida Museum photo by Zachary Randall

The hickory shad is a member of the herring family, and has a lower jaw the projects beyond the snout and between 18 and 23 rakers on the lower limb of the first gill arch. It is a marine species that lives along the Atlantic Coast, and it ascends the St. John’s River in spring and fall.

Status & distribution
Status — Native freshwater
Florida Distribution — Peninsula drainages
River Drainages — St. John’s River
VIEW SPECIES IN COLLECTION DATABASE NEW GALLERY SEARCH
Similar Species
Skipjack Herring
Blueback Herring
American Shad"
Florida Museum,Alosa sapidissima,https://www.floridamuseum.ufl.edu/discover-fish/florida-fishes-gallery/american-shad/,Diadromous,https://www.floridamuseum.ufl.edu/wp-content/uploads/sites/66/2020/02/Plate-25-2048x681.jpg,output/images_all/florida-museum-american-shad-37c317aa.jpg,florida-museum-american-shad-37c317aa,"Alosa sapidissima
(Wilson 1811)
Family Clupeidae
The American shad pictured above was collected in Volusia County, Florida in 2015. It is now part of the Florida Museum ichthyology collection, UF 237830. Florida Museum photo by Zachary Randall

The American shad is a member of the herring family. This species lacks jaw teeth and has a cheek that is deeper than it is long. The American shad is a marine species that lives along the Atlantic Coast, and it can be found in the open waters of the St. John’s River during its spring spawning migrations.

Status & distribution
Status — Native freshwater
Florida Distribution — Peninsula drainages
River Drainages — St. John’s River and St. Mary’s River
VIEW SPECIES IN COLLECTION DATABASE NEW GALLERY SEARCH
Similar Species
Alabama Shad
Blueback Herring
Hickory Shad
Skipjack Herring"
Florida Museum,Ambloplites ariommus,https://www.floridamuseum.ufl.edu/discover-fish/florida-fishes-gallery/shadow-bass/,Flowing freshwater,https://www.floridamuseum.ufl.edu/wp-content/uploads/sites/66/2020/02/Plate-137_2-1744x2048.jpg,output/images_all/florida-museum-shadow-bass-91b4f706.jpg,florida-museum-shadow-bass-91b4f706,"Ambloplites ariommus
Viosca 1936
Family Centrarchidae
The photo above shows and adult, top, and juvenile, bottom, shadow bass. These fish are now part of the Florida Museum ichthyology collection. Top: UF 238152 Bottom: UF 237179 Florida Museum photo by Zachary Randall

The shadow bass is a member of the sunfish family. It has a deep, compressed body with light and dark brown irregular marbling on the light green or silver-gray side of the body. The eye is large and red, and there are between five and seven anal spines. This species has a large mouth that extends under the pupil of eye. The shadow bass can be found in vegetated pools of creeks and small to medium rivers.

Status & distribution
Status — Native freshwater
Florida Distribution — Western and North Central drainages
River Drainages — Perdido River, Escambia River, Blackwater River, Yellow River, Choctawhatchee River and the Apalachicola River
VIEW SPECIES IN COLLECTION DATABASE NEW GALLERY SEARCH
Similar Species
Warmouth"
Florida Museum,Ameiurus brunneus,https://www.floridamuseum.ufl.edu/discover-fish/florida-fishes-gallery/snail-bullhead/,Flowing freshwater,https://www.floridamuseum.ufl.edu/wp-content/uploads/sites/66/2020/02/Plate-76-2048x818.jpg,output/images_all/florida-museum-snail-bullhead-2e2243f1.jpg,florida-museum-snail-bullhead-2e2243f1,"Ameiurus brunneus
Jordan 1877
Family Ictaluridae
The snail bullhead pictured above was collected in Calhoun County, Florida in 2015. It is now part of the Florida Museum ichthyology collection, UF 237834. Florida Museum photo by Zachary Randall

The snail bullhead is a member of the North American catfish family. The fins – with the exception of the pectoral fin – are olive-brown with narrow black margins. There is a large black blotch at the dorsal fin base. Snail bullheads can be found in rocky riffles, runs and pools of small to large rivers.

Status & distribution
Status — Native freshwater
Florida Distribution — Western and North Central and Peninsula drainages
River Drainages — the Apalachicola River and the St. John’s River
VIEW SPECIES IN COLLECTION DATABASE NEW GALLERY SEARCH
Similar Species
Spotted Bullhead
Yellow Bullhead
Brown Bullhead"
Florida Museum,Ameiurus catus,https://www.floridamuseum.ufl.edu/discover-fish/florida-fishes-gallery/white-catfish/,Non-flowing freshwater,https://www.floridamuseum.ufl.edu/wp-content/uploads/sites/66/2020/02/Plate-77-2048x1250.jpg,output/images_all/florida-museum-white-catfish-411735d6.jpg,florida-museum-white-catfish-411735d6,"Ameiurus catus
(Linnaeus 1758)
Family Ictaluridae
The photo above shows a white catfish collected in Alachua County, Florida, top, and one collected in Hillsborough County, Florida, bottom. These fish are now part of the Florida Museum ichthyology collection. Top: UF 237816 Bottom: UF 236280 Florida Museum photo by Zachary Randall

The white catfish is a member of the North America catfish family. This species has a dusky black adipose fin, and the caudal fin is shallowly forked. There is no large black blotch at the dorsal fin base. White catfish can be found in lakes and impoundments, and the pools and backwaters of small to large rivers.

Status & distribution
Status — Native freshwater
Florida Distribution — Western and North Central and Peninsula drainages
River Drainages — Perdido River, Escambia River, Yellow River, Choctawhatchee River, Econfina Creek, Apalachicola River, Ochlockonee River, minor Gulf tributaries, Suwannee River, Tampa Bay, the Myakka or Peace River, Lake Okeechobee, Caloosahatchee River, the Everglades, St. John’s River and the St. Mary’s River
VIEW SPECIES IN COLLECTION DATABASE NEW GALLERY SEARCH
Similar Species
Channel Catfish
Blue Catfish"
Florida Museum,Ameiurus natalis,https://www.floridamuseum.ufl.edu/discover-fish/florida-fishes-gallery/yellow-bullhead/,Non-flowing freshwater,https://www.floridamuseum.ufl.edu/wp-content/uploads/sites/66/2020/02/Plate-78-2048x800.jpg,output/images_all/florida-museum-yellow-bullhead-42015103.jpg,florida-museum-yellow-bullhead-42015103,"Ameiurus natalis
(Lesueur 1819)
Family Ictaluridae
The yellow bullhead pictured above was collected in Alachua County, Florida in 2015. It is now part of the Florida Museum ichthyology collection, UF 238034. Florida Museum photo by Zachary Randall

The yellow bullhead is a member of the North American catfish family. It has white or yellow chin barbels, and between 24 and 27 rays with a typically has a straight edge. This species has dusky black fins. Yellow bullheads can inhabit pools and backwaters, and the runs of creeks and small to large rivers. They’re common in lakes, oxbows, ponds and impoundments.

Status & distribution
Status — Native freshwater
Florida Distribution — Western and North Central and Peninsula drainages
River Drainages — Choctawhatchee River, Econfina Creek, Apalachicola River, Ochlockonee River, minor Gulf tributaties, Suwannee River, Withlacoochee River, Tampa Bay, the Myakka or Peace River, Lake Okeechobee, Caloosahatchee River, the Everglades, Indian River, the Tolomato or Matanzas River, St. John’s River and the St. Mary’s River
VIEW SPECIES IN COLLECTION DATABASE NEW GALLERY SEARCH
Similar Species
Brown Bullhead"
Florida Museum,Ameiurus nebulosus,https://www.floridamuseum.ufl.edu/discover-fish/florida-fishes-gallery/brown-bullhead/,Non-flowing freshwater,https://www.floridamuseum.ufl.edu/wp-content/uploads/sites/66/2020/02/Plate-79-2048x726.jpg,output/images_all/florida-museum-brown-bullhead-819de135.jpg,florida-museum-brown-bullhead-819de135,"Ameiurus nebulosus
(Lesueur 1819)
Family Ictaluridae
The brown bullhead pictured above was collected in Alachua County Florida in 2015. It is now part of the Florida Museum ichthyology collection, UF 237817. Florida Museum photo by Zachary Randall

The brown bullhead is a member of the North American catfish family. It has dusky to black chin barbels and brown or black mottling or spots along the body. Its anal fin is rounded in outline and has between 19 and 23 rays. This species can be found in pools, backwaters and runs of creeks and small to large rivers. Brown bullheads are common in lakes, oxbows, ponds and impoundments.

Status & distribution
Status — Native freshwater
Florida Distribution — Western and North Central and Peninsula drainages
River Drainages — Perdido River, Escambia River, Blackwater River, Yellow River, Choctawhatchee River, Apalachicola River, Ochlockonee River, minor Gulf tributaries, Suwannee River, Withlacoochee River, Tampa Bay, the Mayakka or Peace River, Lake Okeechobee, Caloosahatchee River, the Everglades, Indian River, St. John’s River and the St. Mary’s River
VIEW SPECIES IN COLLECTION DATABASE NEW GALLERY SEARCH
Similar Species
Yellow Bullhead"
Florida Museum,Ameiurus serracanthus,https://www.floridamuseum.ufl.edu/discover-fish/florida-fishes-gallery/spotted-bullhead/,Flowing freshwater,https://www.floridamuseum.ufl.edu/wp-content/uploads/sites/66/2020/02/Plate-80-2048x891.jpg,output/images_all/florida-museum-spotted-bullhead-187d503c.jpg,florida-museum-spotted-bullhead-187d503c,"Ameiurus serracanthus
(Yerger and Relyea 1968)
Family Ictaluridae
The spotted bullhead pictured above was collected in Calhoun County, Florida in 2015. This fish is now part of the Florida Museum ichthyology collection, UF 237833. Florida Museum photo by Zachary Randall

The spotted bullhead is a member of the North American catfish family. This species has many small gray-white spots along the body and narrow black margin on the fins. There is a large black blotch at the base of the dorsal fin. Spotted bullheads can be found in rocky or sandy pools of small to medium rivers, usually in deep, fast water.

Status & distribution
Status — Native freshwater
Florida Distribution — Western and North Central drainages
River Drainages — Yellow River, Choctawhatchee River, Econfina Creek, Apalachicola River, Ochlockonee River, minor Gulf tributaries and the Suwannee River
VIEW SPECIES IN COLLECTION DATABASE NEW GALLERY SEARCH"
Florida Museum,Amia calva,https://www.floridamuseum.ufl.edu/discover-fish/florida-fishes-gallery/bowfin/,Non-flowing freshwater,https://www.floridamuseum.ufl.edu/wp-content/uploads/sites/66/2020/02/Plate-14-2048x1221.jpg,output/images_all/florida-museum-bowfin-da4e5742.jpg,florida-museum-bowfin-da4e5742,"Amia calva
Linnaeus 1766
Family Amiidae
From top to bottom, the bowfins pictured above were collected in Florida from Gilchrist and Wakulla counties in 2016 and 2015 respectively. They are now specimens in the Florida Museum ichthyology collection. Top: UF 238466 Bottom: UF 188035 Florida Museum photo by Zachary Randall

Bowfins have a large bony throat plate and a long, cylindrical body. They are found in standing water in swamps, sloughs, lakes and in the backwaters of lowland streams. Bowfins are often found near woody debris and vegetation, and are members of the bowfin family.

Status & distribution
Status — Native freshwater
Florida Distribution — Western and North Central and Peninsula drainages
River Drainages — Perdido River, Escambia River, Blackwater River, Yellow River, Choctawhatchee River, Apalachicola River, Ochlockee River, minor Gulf tributaries, Suwannee River, Tampa Bay, the Myakka or Peace River, Lake Okeechobee, Caloosahatchee River, the Everglades, India River, St. John’s River and St. Mary’s River
VIEW SPECIES IN COLLECTION DATABASE NEW GALLERY SEARCH
Similar Species
Goldline Snakehead"
Florida Museum,Ammocrypta bifascia,https://www.floridamuseum.ufl.edu/discover-fish/florida-fishes-gallery/florida-sand-darter/,Flowing freshwater,https://www.floridamuseum.ufl.edu/wp-content/uploads/sites/66/2020/02/Plate-164-2048x675.jpg,output/images_all/florida-museum-florida-sand-darter-4dda8467.jpg,florida-museum-florida-sand-darter-4dda8467,"Ammocrypta bifascia
Williams 1975
Family Percidae
This Florida sand darter was collected in Escambia County, Florida in 2013. It is now part of the Florida Museum ichthyology collection, UF 185451. Florida Museum photo by Zachary Randall

The Florida sand darter is a member of the perch and darter family. It has a slender and elongate body that is glass-clear and often with a yellow-green tint on the back and side. There are two black bands on each of the widely separated dorsal fins, and this species has a protruding snout and terminal mouth. Florida sand darters can be found in sandy runs of creeks and small to medium rivers.

Status & distribution
Status — Native freshwater
Florida Distribution — Western and North Central drainages
River Drainages — Perdido River, Escambia River, Blackwater River, Yellow River, Choctawhatchee River and the Apalachicola River
VIEW SPECIES IN COLLECTION DATABASE NEW GALLERY SEARCH
Similar Species
Crystal Darter"
Florida Museum,Amphilophus citrinellus,https://www.floridamuseum.ufl.edu/discover-fish/florida-fishes-gallery/midas-cichlid/,Flowing freshwater,https://www.floridamuseum.ufl.edu/wp-content/uploads/sites/66/2020/02/Plate-193_2-1792x2048.jpg,output/images_all/florida-museum-midas-cichlid-f94de924.jpg,florida-museum-midas-cichlid-f94de924,"Amphilophus citrinellus
(Günther 1864)
Family Cichlidae
The photo above shows an adult, top, and a juvenile, bottom, Midas cichlid. These fish are now part of the Florida Museum ichthyology collection, UF 237884. Florida Museum photo by Zachary Randall

The Midas cichlid is a member of the cichlid and tilapia family. This species has a deep, compressed and oval body and a highly variable color pattern. Large individuals gradually become reddish-orange with many gray-black scales or large black blotches on the back or side. The dorsal profile of the head is concave, and this species has a rounded caudal fin. The Midas cichlid inhabits open waters and and rocky areas of lakes and canals.

These Midas cichlids were collected in Miami-Dade County, Florida in 2015. They are now part of the Florida Museum ichthyology collection, UF 237884. Florida Museum photo by Zachary Randall
Status & distribution
Status — Non-indigenous freshwater
Florida Distribution — Peninsula
River Drainages — Tampa Bay and the Everglades
VIEW SPECIES IN COLLECTION DATABASE NEW GALLERY SEARCH
Similar Species
Mayan Cichlid"
Florida Museum,Anchoa mitchilli,https://www.floridamuseum.ufl.edu/discover-fish/florida-fishes-gallery/bay-anchovy/,Coastal,https://www.floridamuseum.ufl.edu/wp-content/uploads/sites/66/2020/02/Plate-20-2048x637.jpg,output/images_all/florida-museum-bay-anchovy-d3f351b9.jpg,florida-museum-bay-anchovy-d3f351b9,"Anchoa mitchilli
Valenciennes 1848
Family Engraulidae
The bay anchovy pictured above was collected in Brevard County, Florida, in 2014. It now belongs to the Florida Museum ichthyology collection, UF 187944. Florida Museum photo by Zachary Randall

Bay anchovies are members of the anchovy family. These anchovies have a silvery stripe on their side and semitransparent body musculature. Their maxillae extend posteriorly beyond the eye to the gill cover. Bay anchovies are a marine species that enters rivers, creeks, canals and lakes, and that can also be found well inland.

Status & distribution
Status — Marine invader
Florida Distribution — Western and North Central drainages, the Gulf Coast, South Florida and the Atlantic Coast
VIEW SPECIES IN COLLECTION DATABASE NEW GALLERY SEARCH
Similar Species
Inland Silverside"
Florida Museum,Anguilla rostrata,https://www.floridamuseum.ufl.edu/discover-fish/florida-fishes-gallery/american-eel/,Diadromous,https://www.floridamuseum.ufl.edu/wp-content/uploads/sites/66/2020/02/Plate-18-2048x1755.jpg,output/images_all/florida-museum-american-eel-31d977b8.jpg,florida-museum-american-eel-31d977b8,"Anguilla rostrata
(Lesueur 1817)
Family Anguillidae
A juvenile American eel, top, and adult, bottom, are pictured above. These eels are now specimens in the Florida Museum ichthyology collection. Top: UF 237986 Bottom: UF 187777 Florida Museum photo by Zachary Randall

American eels are members of the freshwater eel family, and have distinctly projecting lower jaws. They have slender, snakelike bodies and no pelvic fins. They can be found in creeks, canals and rivers. American eels often live in undercut banks and deep pools near logs and rocky substrate, and are frequently found in Florida cave systems.

Status & distribution
Status — Native freshwater
Florida Distribution — Western and North Central and Peninsula drainages
Drainages: Perdido River, Escambia River, Blackwater River, Yellow River, Choctawhatchee River, Econfina Creek, Apalachicola River, Ochlockonee River, minor Gulf tributaries, Suwannee River, Tampa Bay, the Myakka or Peace River, Caloosahatchee River, Everglades, Indian River, St. John’s River and St. Mary’s River
VIEW SPECIES IN COLLECTION DATABASE NEW GALLERY SEARCH
Similar Species
Speckled Worm Eel
Asian Swamp Eel"
Florida Museum,Aphredoderus sayanus,https://www.floridamuseum.ufl.edu/discover-fish/florida-fishes-gallery/pirate-perch/,Non-flowing freshwater,https://www.floridamuseum.ufl.edu/wp-content/uploads/sites/66/2020/02/Plate-90-2048x889.jpg,output/images_all/florida-museum-pirate-perch-76068160.jpg,florida-museum-pirate-perch-76068160,"Aphredoderus sayanus
(Gilliams 1824)
Family Aphredoderidae
This pirate perch was collected in Union County, Florida in 2014. It is now part of the Florida Museum ichthyology collection, UF 236306. Florida Museum photo by Zachary Randall

The pirate perch is the only living member of the pirate perch family. It has a large head and mouth, with the lower jaw protruding above the upper jaw. Its body is dark gray or brown, and is typically speckled with black. There is also a black bar on the caudal fin base. Pirate perch can be found in swamps, sloughs, ponds, lakes and backwaters, and in pools of creeks and small to large rivers. Individuals are often found among tree roots along banks of streams

Status & distribution
Status — Native freshwater
Florida Distribution — Western and North Central and Peninsula drainages
River Drainages — Perdido River, Escambia River, Blackwater River, Yellow River, Choctawhatchee River, Econfina Creek, Apalachicola River, Ochlockonee River, minor Gulf tributaries, Suwannee River, Withlacoochee River, Tampa Bay, the Myakka or Peace River, Lake Okeechobee, the Everglades, Indian River, Tolomato/Matanzas River, St. John’s River and the St. Mary’s River
VIEW SPECIES IN COLLECTION DATABASE NEW GALLERY SEARCH"
Florida Museum,Archosargus probatocephalus,https://www.floridamuseum.ufl.edu/discover-fish/florida-fishes-gallery/sheepshead/,Coastal,https://www.floridamuseum.ufl.edu/wp-content/uploads/sites/66/2020/02/Plate-186_2-1722x2048.jpg,output/images_all/florida-museum-sheepshead-60e7bad4.jpg,florida-museum-sheepshead-60e7bad4,"Archosargus probatocephalus
(Walbaum 1792)
Family Sparidae
The photo above shows an adult, top, and a juvenile, bottom, sheepshead. These fish are now part of the Florida Museum ichthyology collection. Top: UF 238037 Bottom: UF 187942 Florida Museum photo by Zachary Randall

Sheepshead are members of the porgy family. This species has moderately compressed – almost oval – deep and gray to silvery body. It is boldly marked with between four and seven broad black bars beginning beneath the first dorsal fin origin and ending on the caudal peduncle. The caudal fin is forked, and sheepshead have a moderately sized and terminal mouth. This species is a marine species that enters tidally influenced rivers and canals leading to marshes, and it typically prefers areas of hard substrate, though juveniles may be found in soft-bottom environments

Status & distribution
Status — Marine invader
Florida Distribution — Western and North Central drainages, the Gulf Coast, South Florida and the Atlantic Coast
VIEW SPECIES IN COLLECTION DATABASE NEW GALLERY SEARCH
Similar Species
Hornet Tilapia"
Florida Museum,Ariopsis felis,https://www.floridamuseum.ufl.edu/discover-fish/florida-fishes-gallery/hardhead-catfish/,Coastal,https://www.floridamuseum.ufl.edu/wp-content/uploads/sites/66/2020/02/Plate-73-2048x741.jpg,output/images_all/florida-museum-hardhead-catfish-7d257b1b.jpg,florida-museum-hardhead-catfish-7d257b1b,"Ariopsis felis
(Linnaeus 1766)
Family Ariidae
The hardhead catfish in the photo above was collected in St. John’s County, Florida in 2014. It is now part of the Florida Museum ichthyology collection, UF 237634. Florida Museum photo by Zachary Randall

The hardhead catfish is a member of the sea catfish family. It has two pairs of mental barbels, a subterminal mouth and a moderate snout. This species is a marine species that enters turbid rivers, creeks, sloughs and lakes.

Status & distribution
Status — Marine invader
Florida Distribution — Western and North Central drainages, the Gulf Coast, South Florida and the Atlantic Coast
VIEW SPECIES IN COLLECTION DATABASE NEW GALLERY SEARCH
Similar Species
Gafftopsail Catfish"
Florida Museum,Astatotilapia calliptera,https://www.floridamuseum.ufl.edu/discover-fish/florida-fishes-gallery/eastern-happy/,Non-flowing freshwater,https://www.floridamuseum.ufl.edu/wp-content/uploads/sites/66/2020/02/Plate-195-2048x1174.jpg,output/images_all/florida-museum-eastern-happy-cd42b23d.jpg,florida-museum-eastern-happy-cd42b23d,"Astatotilapia calliptera
(Günther 1894)
Family Cichlidae
This eastern happy was collected in Palm Beach County, Florida. It is now part of the Florida Museum ichthyology collection, UF 238218. Photo courtesy of Howard L. Jelks, U.S. Geological Survey.

The eastern happy is a member of the cichlid and tilapia family. It has a moderately compressed and slightly elongate body and prominent dark gold stripe from the corner of the mouth to the eye in adults. The body color is olive green to gold with between seven and nine vertical bars that tend to disappear in breeding males. The anal fin is grayish at the base and yellow towards the edge with large, bright orange egg-spots in the male. Breeding males have a bright blue head, lower hind body and caudal peduncle with a bright yellow belly and a blue and red wash in the dorsal and anal fins. The anal fin has three spines, and the caudal fin is rounded to truncated. The eastern happy is known from Hillsboro Canal in Palm Beach County.

Status & distribution
Status — Non-indigenous freshwater
Florida Distribution — Peninsula drainages
River Drainages — the Everglades
VIEW SPECIES IN COLLECTION DATABASE NEW GALLERY SEARCH"
Florida Museum,Astronotus ocellatus,https://www.floridamuseum.ufl.edu/discover-fish/florida-fishes-gallery/oscar/,Non-flowing freshwater,https://www.floridamuseum.ufl.edu/wp-content/uploads/sites/66/2020/02/Plate-196-2048x1125.jpg,output/images_all/florida-museum-oscar-b0fd1751.jpg,florida-museum-oscar-b0fd1751,"Astronotus ocellatus
(Agassiz 1831)
Family Cichlidae
This oscar was collected in Miami-dade County, Florida in 2014. It is now part of the Florida Museum ichthyology collection, UF 236677. Florida Museum photo by Zachary Randall

The oscar is a member of the cichlid and tilapia family. It has a compressed, almost oval body. There are large posterior extensions of the dorsal and anal fins, and most adults have a black spot with a bright red halo just above the midline of the caudal fin base. The body is olive to beige with large, irregular and dark blotches. The head, body and fins of juveniles are dark with irregular, tan reticulations. The anal fin has three spines and caudal fin is rounded. Oscars can be found in canals, streams, sloughs and wet prairies adjacent to canals during wet seasons.

Status & distribution
Status — Non-indigenous freshwater
Florida Distribution — Peninsula drainages
River Drainages — the Everglades
VIEW SPECIES IN COLLECTION DATABASE NEW GALLERY SEARCH"
Florida Museum,Awaous banana,https://www.floridamuseum.ufl.edu/discover-fish/florida-fishes-gallery/river-goby/,Diadromous,https://www.floridamuseum.ufl.edu/wp-content/uploads/sites/66/2020/02/Plate-218-768x374.jpg,output/images_all/florida-museum-river-goby-f36996c3.jpg,florida-museum-river-goby-f36996c3,"Awaous banana
(Valenciennes 1837)
Family Gobiidae
The photo above shows an adult, top, and a juvenile, bottom, river goby. These fish are now part of the Florida Museum ichthyology collection. Top: UF 183275 Bottom: UF 180975. Photos courtesy of Howard L. Jelks, U.S. Geological Survey.

The river goby is a member of the goby family. It has an elongate, moderately compressed body covered in small scales. The head and mouth are large and the snout is long. The eye is dorsolateral and the lips are thick, with the upper lip projecting beyond the lower. The dorsal and caudal fins are spotted, more prominently in juveniles. The river goby is a marine species, with adults that can be found in large rivers, canals and creeks, and in well-oxygenated flowing waters over areas of loose sand. Larvae develop at sea, and juveniles are usually found in bays or estuaries.

Status & distribution
Status — Marine invader
Florida Distribution — Western and North Central drainages, South Florida and the Atlantic Coast
VIEW SPECIES IN COLLECTION DATABASE NEW GALLERY SEARCH
Similar Species
Bigmouth Sleeper"
Florida Museum,Bagre marinus,https://www.floridamuseum.ufl.edu/discover-fish/florida-fishes-gallery/gafftopsail-catfish/,Coastal,https://www.floridamuseum.ufl.edu/wp-content/uploads/sites/66/2020/02/Plate-74-2048x1240.jpg,output/images_all/florida-museum-gafftopsail-catfish-d3d5e83d.jpg,florida-museum-gafftopsail-catfish-d3d5e83d,"Bagre marinus
(Mitchill 1815)
Family Ariidae
The gafftopsail catfish pictured above was collected in the Gulf of Mexico. It is now part of the Florida Museum ichthyology collection, UF 238455. Florida Museum photo by Zachary Randall

The gafftopsail catfish is a member of the sea catfish family. It has one pair of mental barbels as well maxillary barbels that extend beyond pectoral fin base, and are long and ribbonlike. The first dorsal and pectoral fin rays are long and ribbonlike also, and the head is covered in rugose, bony shield. The gafftopsail catfish enters turbid rivers, creeks and lakes.

Status & distribution
Status — Marine invader
Florida Distribution — Gulf Coast, South Florida and Atlantic Coast
VIEW SPECIES IN COLLECTION DATABASE NEW GALLERY SEARCH
Similar Species
Hardhead Catfish"
Florida Museum,Bairdiella chrysoura,https://www.floridamuseum.ufl.edu/discover-fish/florida-fishes-gallery/silver-perch/,Coastal,https://www.floridamuseum.ufl.edu/wp-content/uploads/sites/66/2020/02/Plate-188-2048x885.jpg,output/images_all/florida-museum-silver-perch-9e84074a.jpg,florida-museum-silver-perch-9e84074a,"Bairdiella chrysoura
(Lacepéde 1802)
Family Sciaenidae
This silver perch was collected in Volusia County, Florida in 2015. It is now part of the Florida Museum ichthyology collection, UF 238138. Florida Museum photo by Zachary Randall

The silver perch is a member of the drum and croaker family. It has an oblong and unpatterned body, and the mouth is large and terminal. There are no barbels on the chin, and the preopercular angle is serrate. There are small teeth in upper and lower jaw. The silver body is darker on the back, typically golden to blue-gray. The pectoral and pelvic fins are clear to white. The silver perch is a marine species that enters a variety of nearshore water bodies including rivers, creeks, canals and ditches. It is found over sandy or muddy substrates.

Status & distribution
Status — Marine invader
Florida Distribution — Western and North Central drainages, the Gulf Coast, South Florida and the Atlantic Coast
VIEW SPECIES IN COLLECTION DATABASE NEW GALLERY SEARCH"
Florida Museum,Belonesox belizanus,https://www.floridamuseum.ufl.edu/discover-fish/florida-fishes-gallery/pike-killifish/,Non-flowing freshwater,https://www.floridamuseum.ufl.edu/wp-content/uploads/sites/66/2020/02/Plate-119-2048x1088.jpg,output/images_all/florida-museum-pike-killifish-93cb13dd.jpg,florida-museum-pike-killifish-93cb13dd,"Belonesox belizanus
Kner 1860
Family Poeciliidae
The photo above shows a male, top, and a female, bottom, pike killifish. These fish are now part of the Florida Museum ichthyology collection, UF 186998. Florida Museum photo by Zachary Randall

The pike killifish is a member of the livebearer family. These fish have elongate, cylindrical bodies that taper and compress posteriorly. Pike killifish have a pointed snout and long jaws, with conspicuous pointed teeth and a protruding lower jaw. The curvature of the jaws prevents the complete closure of the mouth. There are between two and six irregular rows of conspicuous to indistinct black spots along the side body. Pike killifish can be found in estuaries and sluggish freshwater streams, canals, ditches and water holes in wetlands with floating or submerged vegetation and woody debris.

Status & distribution
Status — Non-indigenous freshwater
Florida Distribution — Peninsula drainages
River Drainages — Tampa Bay and the Everglades
VIEW SPECIES IN COLLECTION DATABASE NEW GALLERY SEARCH
Similar Species
Alligator Gar
Spotted Gar
Longnose Gar
Florida Gar"
Florida Museum,Brevoortia smithi,https://www.floridamuseum.ufl.edu/discover-fish/florida-fishes-gallery/yellowfin-menhaden/,Coastal,https://www.floridamuseum.ufl.edu/wp-content/uploads/sites/66/2020/02/Plate-26-2048x1422.jpg,output/images_all/florida-museum-yellowfin-menhaden-a6a8cf13.jpg,florida-museum-yellowfin-menhaden-a6a8cf13,"Brevoortia smithi
Hildebrand 1941
Family Clupeidae
An adult, top, and a juvenile, bottom, yellowfin menhaden are pictured above. Both were collected in St. John’s County, Florida in 2014. They now belong to the Florida Museum ichthyology collection. Top: UF 188008 Bottom: UF 237626 Florida Museum photo by Zachary Randall

Yellowfin menhadens are members of the herring family. They have a single black or purple-black spot, and the posterior edge of their pelvic fin is straight. The edges of a yellowfin menhaden’s posterior scales are serrate with many short, triangular tooth-like projections. This is a marine species that enters rivers, creeks and canals that open to estuarine areas. Like the Atlantic menhaden, yellowfin menhadens are known from lake habitats in the St. John’s River basin.

Status & distribution
Status — Marine invader
Florida Distribution — Atlantic Coast
VIEW SPECIES IN COLLECTION DATABASE NEW GALLERY SEARCH
Similar Species
Atlantic Menhaden"
Florida Museum,Brevoortia tyrannus,https://www.floridamuseum.ufl.edu/discover-fish/florida-fishes-gallery/atlantic-menhaden/,Coastal,https://www.floridamuseum.ufl.edu/wp-content/uploads/sites/66/2020/02/Plate-27-768x323.jpg,output/images_all/florida-museum-atlantic-menhaden-bfafc15a.jpg,florida-museum-atlantic-menhaden-bfafc15a,"Brevoortia tyrannus
(Latrobe 1802)
Family Clupeidae
The Atlantic menhaden pictured above was photographed in northeast Florida. Photo courtesy of James Van Tassell and D. Ross Robertson

The Atlantic shad is a member of the herring family, and has many small spots along its side. The posterior edge of its pelvic fin is rounded, and its posterior scale edges are comb-like with many long, thin tooth-like projections. The Atlantic shad is a marine species that enters rivers, creeks and canals that open to estuarine areas. Like the yellowfin menhaden, this species is known from lake habitats in the St. John’s River basin.

Status & distribution
Status — Marine invader
Florida Distribution — Atlantic Coast
VIEW SPECIES IN COLLECTION DATABASE NEW GALLERY SEARCH
Similar Species
Yellowfin Menhaden"
Florida Museum,Carpiodes cyprinus,https://www.floridamuseum.ufl.edu/discover-fish/florida-fishes-gallery/quillback/,Flowing freshwater,https://www.floridamuseum.ufl.edu/wp-content/uploads/sites/66/2020/02/Plate-59-2048x1009.jpg,output/images_all/florida-museum-quillback-710c7380.jpg,florida-museum-quillback-710c7380,"Carpiodes cyprinus
(Lesueur 1817)
Family Catostomidae
The quillback shown above was collected in Gulf County, Florida in 2015. It is now part of the Florida Museum ichthyology collection, UF 238188. Florida Museum photo by Zachary Randall

The quillback is a member of the sucker family, and has a deep and highly arched body. This species has a long falcate dorsal fin, no large papilla on the lower lip and a rounded snout. Quillbacks can be found in pools and runs of creeks and small to large rivers.

Status & distribution
Status — Native freshwater
Florida Distribution — Western and North Central drainages
River Drainages —Escambia River, Choctawhatchee River and the Apalachicola River
VIEW SPECIES IN COLLECTION DATABASE NEW GALLERY SEARCH
Similar Species
Highfin Carpsucker"
Florida Museum,Carpiodes velifer,https://www.floridamuseum.ufl.edu/discover-fish/florida-fishes-gallery/highfin-carpsucker/,Flowing freshwater,https://www.floridamuseum.ufl.edu/wp-content/uploads/sites/66/2020/02/Plate-60-2048x1064.jpg,output/images_all/florida-museum-highfin-carpsucker-b7537eec.jpg,florida-museum-highfin-carpsucker-b7537eec,"Carpiodes velifer
(Rafinesque 1820)
Family Catostomidae
The highfin carpsucker pictured above was collected in Escambia County, Florida in 2015. It is now part of the Florida Museum ichthyology collection, UF 238170. Florida Museum photo by Zachary Randall

The highfin carpsucker is a member of the sucker family. It has a deep and highly arched body, an extremely blunt snout and a large papilla at the middle of the lower lip. It can be found in pools of small to large rivers.

Status & distribution
Status — Native freshwater
Florida Distribution — Western and North Central drainages
River Drainages — The Escambia and Choctawhwatchee Rivers
VIEW SPECIES IN COLLECTION DATABASE NEW GALLERY SEARCH
Similar Species
Quillback"
Florida Museum,Centrarchus macropterus,https://www.floridamuseum.ufl.edu/discover-fish/florida-fishes-gallery/flier/,Non-flowing freshwater,https://www.floridamuseum.ufl.edu/wp-content/uploads/sites/66/2020/02/Plate-138-1706x2048.jpg,output/images_all/florida-museum-flier-cacf78eb.jpg,florida-museum-flier-cacf78eb,"Centrarchus macropterus
(Lacepéde 1801)
Family Centrarchidae
The photo above shows an adult, top, and juvenile, flier. These fish are now part of the Florida Museum ichthyology collection. Top: UF 185470 Bottom: UF 187837 Florida Museum photo by Zachary Randall

The flier is a member of the sunfish family. It has a large black teardrop, and a strongly compressed, deep body with interrupted rows of black spots along the side. This species can be found in swamps, lakes, ponds and sloughs, and in backwaters and pools of small rivers and creeks.

Status & distribution
Status — Native freshwater
Florida Distribution — Western and North Central and Peninsula drainages
River Drainages — Perdido River, Blackwater River, Yellow River, Choctawhatchee River, Econfina Creek, Apalachicola River, Ochlockonee River, minor Gulf tributaries, Suwannee River, Withlacoochee River, St. John’s River and the St. Mary’s River
VIEW SPECIES IN COLLECTION DATABASE NEW GALLERY SEARCH
Similar Species
White Crappie
Black Crappie"
Florida Museum,Centropomus ensiferus,https://www.floridamuseum.ufl.edu/discover-fish/florida-fishes-gallery/swordspine-snook/,Coastal,https://www.floridamuseum.ufl.edu/wp-content/uploads/sites/66/2020/02/Plate-130-2048x889.jpg,output/images_all/florida-museum-swordspine-snook-7815e273.jpg,florida-museum-swordspine-snook-7815e273,"Centropomus ensiferus
Poey 1860
Family Centropomidae
The swordspine snook pictured above was collected in Brevard County, Florida in 2016. It is now part of the Florida Museum ichthyology collection, UF 238640. Florida Museum photo by Zachary Randall

The swordspine snook is a member of the snook family. It has a moderately deep body, a large head and mouth and a flattened snout. There are between 49 and 59 scales in the row above the lateral line ending at the caudal fin base, and there are between 18 and 23 scales encircling the caudal peduncle. The second anal spine is long, and a terminal mouth and protruding lower jaw are present. The swordspine snook is a marine species that enters inland marshes and the shorelines of vegetated rivers, creeks, canals and lakes.

Status & distribution
Status — Marine invader
Florida Distribution — South Florida and the Atlantic Coast
VIEW SPECIES IN COLLECTION DATABASE NEW GALLERY SEARCH
Similar Species
Fat Snook
Tarpon Snook
Common Snook"
Florida Museum,Centropomus parallelus,https://www.floridamuseum.ufl.edu/discover-fish/florida-fishes-gallery/fat-snook/,Coastal,https://www.floridamuseum.ufl.edu/wp-content/uploads/sites/66/2020/02/Plate-131-2048x883.jpg,output/images_all/florida-museum-fat-snook-84b4ca50.jpg,florida-museum-fat-snook-84b4ca50,"Centropomus parallelus
Poey 1860
Family Centropomidae
The fat snook pictured above was collected in Brevard County, Florida in 2016. It is now part of the Florida Museum ichthyology collection, UF 238637. Florida Museum photo by Zachary Randall

The fat snook is a member of the snook family. It has a deep body, large head, flattened snout and a large mouth. There are between 79 and 92 scales in the row above the lateral line ending at the caudal fin base, and the mouth is terminal. Fat snook have a protruding lower jaw. The fat snook is a marine species that enters inland marshes and the shorelines of vegetated rivers, creeks, canals and lakes.

Status & distribution
Status — Marine invader
Florida Distribution — South Florida and the Atlantic Coast
VIEW SPECIES IN COLLECTION DATABASE NEW GALLERY SEARCH
Similar Species
Common Snook
Tarpon Snook
Swordspine Snook"
Florida Museum,Centropomus pectinatus,https://www.floridamuseum.ufl.edu/discover-fish/florida-fishes-gallery/tarpon-snook/,Coastal,https://www.floridamuseum.ufl.edu/wp-content/uploads/sites/66/2020/02/Plate-132-2048x953.jpg,output/images_all/florida-museum-tarpon-snook-27d5ea1a.jpg,florida-museum-tarpon-snook-27d5ea1a,"Centropomus pectinatus
Poey 1860
Family Centropomidae
The tarpon snook pictured above was collected in Brevard County, Florida in 2016. It is now part of the Florida Museum ichthyology collection, UF 23869. Florida Museum photo by Zachary Randall

The tarpon snook is a member of the snook family. It has a moderately deep body, a large head and a large mouth. There are between 61 and 72 scales in the row above the lateral line. The pelvic fin reaches to or past the anus and is black-tipped, and the pectoral fin is shorter than the pelvic fin. This species has a terminal mouth and protruding jaw. Tarpon snook are a marine species that enters inland marshes and the shorelines of vegetated rivers, creeks, canals and lakes.

Status & distribution
Status — Marine invader
Florida Distribution — South Florida and the Atlantic Coast
VIEW SPECIES IN COLLECTION DATABASE NEW GALLERY SEARCH
Similar Species
Fat Snook
Common Snook
Swordspine Snook"
Florida Museum,Centropomus undecimalis,https://www.floridamuseum.ufl.edu/discover-fish/florida-fishes-gallery/common-snook/,Coastal,https://www.floridamuseum.ufl.edu/wp-content/uploads/sites/66/2020/02/Plate-133-2048x1509.jpg,output/images_all/florida-museum-common-snook-7153147e.jpg,florida-museum-common-snook-7153147e,"Centropomus undecimalis
(Bloch 1792)
Family Centropomidae
The photo above shows an adult, top, and juvenile, bottom, common snook. These fish are now part of the Florida Museum ichthyology collection. Top: UF 238678 Bottom: UF 237894 Florida Museum photo by Zachary Randall

The common snook is a member of the snook family. It has a semi-elongate body, a large head and a large mouth. It is the most slender-bodied snook in Florida, and this species has between 67 and 77 scales in the row above the lateral line. The pelvic fin does not reach the anus in specimens larger than about four inches, and there is a terminal mouth and protruding lower jaw. The common snook is a marine species that enters inland marshes and the shorelines of vegetated rivers, creeks, canals and lakes

Status & distribution
Status — Marine invader
Florida Distribution — the Gulf Coast, South Florida and the Atlantic Coast
VIEW SPECIES IN COLLECTION DATABASE NEW GALLERY SEARCH
Similar Species
Tarpon Snook
Fat Snook
Swordspine Snook"
Florida Museum,Channa aurolineata,https://www.floridamuseum.ufl.edu/discover-fish/florida-fishes-gallery/goldline-snakehead/,Non-flowing freshwater,https://www.floridamuseum.ufl.edu/wp-content/uploads/sites/66/2020/02/Plate-226-2048x904.jpg,output/images_all/florida-museum-goldline-snakehead-89e3b52e.jpg,florida-museum-goldline-snakehead-89e3b52e,"Channa aurolineata
(Day 1870)
Family Channidae
The goldline snakehead shown above were collected in Broward County, Florida in 2015. These fish are now part of the Florida Museum ichthyology collection, UF 237863. Florida Museum photo by Zachary Randall

The goldline snakehead is a member of the snakehead family. It has an elongate body that is cylindrical anteriorly and tapering posteriorly and a flattened head. The eye is in a dorsolateral position anteriorly, and there is a bright orange ocellus present on the upper caudal fin base. The fins are pale with a reddish tinge. The goldline snakehead inhabits canals, pools, swamps and lakes with little or no current. This species is often found in beds of submerged aquatic vegetation.

Status & distribution
Status — Non-indigenous freshwater
Florida Distribution — Peninsula drainages
River Drainages — the Everglades
VIEW SPECIES IN COLLECTION DATABASE NEW GALLERY SEARCH
Similar Species
Bowfin"
Florida Museum,Chitala ornata,https://www.floridamuseum.ufl.edu/discover-fish/florida-fishes-gallery/clown-knifefish/,Flowing freshwater,https://www.floridamuseum.ufl.edu/wp-content/uploads/sites/66/2020/02/Plate-15_2-2048x1996.jpg,output/images_all/florida-museum-clown-knifefish-5ea683ec.jpg,florida-museum-clown-knifefish-5ea683ec,"Chitala ornata
(Gray 1831)
Family Notopteridae
The clown knifefish shown above were collected in 2015. The bottommost two are now specimens in the Florida Museum’s ichthyology collection. Top: UF 237959 Bottom: UF 235846 Florida Museum photo by Zachary Randall

The clown knifefish is oblong, and has a small dorsal fin inserted near the center of its back that is confluent with its small caudal fin. It can be found in canals, reservoirs and ponds in clear to dark water. Clown knifefishes prefer sand or rocky substrate with little to no current, and are often found in vegetation and woody debris. The clown knifefish is a member of the featherfin knifefish family.

Status & distribution
Status — Non-indigenous freshwater
Florida Distribution — Western and North Central and Peninsula drainages
River Drainages — Perdido River, Escambia River, Blackwater River, Yellow River, Choctawhatchee River, Apalachicola River, Ochlockonee River, minor Gulf tributaries, Suwannee River, Tampa Bay, the Myakka or Peace River, Lake Okeechobee, Caloosahatchee River, the Everglades, Indian River, St. John’s River and St. Mary’s River
VIEW SPECIES IN COLLECTION DATABASE NEW GALLERY SEARCH
Similar Species
Distinct in Florida"
Florida Museum,Cichla ocellaris,https://www.floridamuseum.ufl.edu/discover-fish/florida-fishes-gallery/butterfly-peacock-bass/,Non-flowing freshwater,https://www.floridamuseum.ufl.edu/wp-content/uploads/sites/66/2020/02/Plate-197-2048x1423.jpg,output/images_all/florida-museum-butterfly-peacock-bass-622c6a20.jpg,florida-museum-butterfly-peacock-bass-622c6a20,"Cichla ocellaris
Bloch and Schneider 1801
Family Cichlidae
The photo above shows an adult, top, and juvenile, bottom, butterfly peacock bass. These fish are now part of the Florida Museum ichthyology collection. Top: UF 187364 Bottom: UF 237901 Florida Museum photo by Zachary Randall

The butterfly peacock bass is a member of the cichlid and tilapia family. It has a semi-elongate body, large mouth and a deep notch between the first and second dorsal fins. The body is olive to gold with between three and four black bars on the side. A gold-edged ocellus is present on the caudal fin base but absent in juveniles, and the lateral line is typically continuous, although it can be interrupted. There are between 67 and 82 lateral scales, and the anal fin has three spines. The caudal fin is truncated to slightly rounded. The butterfly peacock bass can be found in large drainage canals, creeks and lakes.

Status & distribution
Status — Non-indigenous freshwater
Florida Distribution — Peninsula drainages
River Drainages — the Everglades
VIEW SPECIES IN COLLECTION DATABASE NEW GALLERY SEARCH"
Florida Museum,Cichlasoma bimaculatum,https://www.floridamuseum.ufl.edu/discover-fish/florida-fishes-gallery/black-acara/,Non-flowing freshwater,https://www.floridamuseum.ufl.edu/wp-content/uploads/sites/66/2020/05/black-acara_HM-cropped-2048x1184.jpg,output/images_all/florida-museum-black-acara-72036df3.jpg,florida-museum-black-acara-72036df3,"Cichlasoma bimaculatum
(Linnaeus 1758)
Family Cichlidae
This black acara, Cichlasoma bimaculatum, a species native to equatorial South America, was collected from a ditch in Broward County. Black acara are often beige with clear to light gray fins. Florida Museum photo by Robert Robins

The black acara is part of the cichlid and tilapia family and is physically similar to the chanchita. It has a stout forebody, more compressed posterior body and is oval to slightly rectangular in shape. The body is beige to gray, the caudal fin is symmetrically spotted and there are typically four anal spines. There is a black to green-gray stripe that extends from the eye through a mid-lateral spot, and then extends to a black spot at the upper caudal fin base. A dark blotch is present below the eye, and this species has a small and terminal mouth. Black rimming along the scale edges is narrow and even, although this feature may be absent in some individuals. Black acara can be found in creeks, lakes, canals, drainage ditches and wet prairies.

Status & distribution
Status — Non-indigenous freshwater
Florida Distribution — Peninsula drainages
River Drainages — Lake Okeechobee, the Caloosahatchee River and the Everglades
VIEW SPECIES IN COLLECTION DATABASE NEW GALLERY SEARCH
Similar Species
Chanchita"
Florida Museum,Cichlasoma dimerus,https://www.floridamuseum.ufl.edu/discover-fish/florida-fishes-gallery/chanchita/,Non-flowing freshwater,https://www.floridamuseum.ufl.edu/wp-content/uploads/sites/66/2020/02/Plate-198-2048x1466.jpg,output/images_all/florida-museum-chanchita-e27b8589.jpg,florida-museum-chanchita-e27b8589,"Cichlasoma dimerus
Family Cichlidae
This chanchita was collected in Pinellas County, Florida in 2013. It is now part of the Florida Museum ichthyology collection, UF 187107. Florida Museum photo by Zachary Randall

The chanchita is part of the cichlid and tilapia family, and is physically similar to the black acara. It has a stout forebody, more compressed posterior body and is oval to slightly rectangular in shape. The body is usually gray to silver, but some individuals have green or light blue hues on the body and fins. There is a black to green-gray stripe that extends from the eye through a mid-lateral spot, and then extends to a black spot at the upper caudal fin base. The caudal fin is asymmetrically patterned with larger clear spaces in the upper lobe. A dark blotch is present below the eye, and this species has a small and terminal mouth. There are usually three anal spines. Black rimming on scale edges of the nape and upper sides is thick, uneven, and dark. Chanchita can be found in creeks, lakes, canals, drainage ditches, retention ponds, wet prairies and springs.

Status & distribution
Status — Non-indigenous freshwater
Florida Distribution — Peninsula drainages
River Drainages — Alafia, Kissimmee, Pithlachascotee, Tampa Bay and the St. Johns
VIEW SPECIES IN COLLECTION DATABASE NEW GALLERY SEARCH
Similar Species
Black Acara"
Florida Museum,Citharichthys spilopterus,https://www.floridamuseum.ufl.edu/discover-fish/florida-fishes-gallery/bay-whiff/,Coastal,https://www.floridamuseum.ufl.edu/wp-content/uploads/sites/66/2020/02/Plate-227-768x374.jpg,output/images_all/florida-museum-bay-whiff-5dab78bd.jpg,florida-museum-bay-whiff-5dab78bd,"Citharichthys spilopterus
Günther 1862
Family Paralichthyidae
This bay whiff was collected in St. Croix in 2012. It is now part of the Florida Museum ichthyology collection, UF 182934. Image courtesy of Howard L. Jelks, U.S. Geological Survey.

The bay whiff is a member of the sand flounder family. It has a flattened and asymmetrically oval body with both eyes on the left side. The body and much of the head and fins are covered in ctenoid scales, and the mouth is moderately sized with small teeth. The interorbital space is a very narrow ridge and the lateral line is nearly straight. The bay whiff is a marine species that enters rivers, creeks and some lakes in the St. John’s River basin.

Status & distribution
Status — Marine invader
Florida Distribution — the Atlantic Coast
VIEW SPECIES IN COLLECTION DATABASE NEW GALLERY SEARCH
Similar Species
Southern Flounder"
Florida Museum,Clarias batrachus,https://www.floridamuseum.ufl.edu/discover-fish/florida-fishes-gallery/walking-catfish/,Flowing freshwater,https://www.floridamuseum.ufl.edu/wp-content/uploads/sites/66/2020/02/Plate-72-2048x622.jpg,output/images_all/florida-museum-walking-catfish-2d3ceded.jpg,florida-museum-walking-catfish-2d3ceded,"Clarias batrachus
(Linnaeus 1758)
Family Clariidae
The walking catfish pictured above was collected in Miami-Dade County, Florida. It is now part of the Florida Museum ichthyology collection, UF 238365. Florida Museum photo by Zachary Randall

The walking catfish is part of the labyrinth catfish family. This species has an elongate body, flattened head and extremely long dorsal and anal fins. The head and body are uniformly gray to grayish-brown, and there are four pairs of barbels. Walking catfishes can be found in rivers, creeks, lakes, swamps, ditches, wetlands and canals with soft substrates – with or without vegetation – and is tolerant of turbid, muddy, hypoxic and brackish waters.

Status & distribution
Status — Non-indigenous freshwater
Florida Distribution — Peninsula drainages
River Drainages — Withlacoochee River, Tampa Bay, the Myakka or Peace River, Lake Okeechobee, Caloosahatchee River, Everglades, Indian River, St. John’s River and the Tolomato or Matanzas River
VIEW SPECIES IN COLLECTION DATABASE NEW GALLERY SEARCH
Similar Species
Suckermouth Catfish
Sailfin Catfishes
Hardhead Catfish
Gafftopsail Catfish
White Catfish
Blue Catfish
Channel Catfish
Flathead Catfish"
Florida Museum,Crystallaria asprella,https://www.floridamuseum.ufl.edu/discover-fish/florida-fishes-gallery/crystal-darter/,Flowing freshwater,https://www.floridamuseum.ufl.edu/wp-content/uploads/sites/66/2020/02/Plate-165-2048x702.jpg,output/images_all/florida-museum-crystal-darter-095c9fc3.jpg,florida-museum-crystal-darter-095c9fc3,"Crystallaria asprella
(Jordan 1878)
Family Percidae
This crystal darter was collected from Santa Rosa County, Florida in 2017. It is now part of the Florida Museum ichthyology collection, UF 191235. Florida Museum photo by Zachary Randall

The crystal darter is a member of the perch and darter family. It has a slender and elongate body and wide head and large dorsal and anal fins. There is a protruding snout ending in slightly subterminal mouth, and the body is nearly transparent body with green-brown mottling on the upper side. This species has a black stripe around the snout that is continuous from eye to eye. Crystal darters can be found in sandy and gravelly runs of small to medium rivers and is most commonly found in fast runs more than two feet deep.

Status & distribution
Status — Native freshwater
Florida Distribution — Western and North Central drainages
River Drainages — the Escambia River
VIEW SPECIES IN COLLECTION DATABASE NEW GALLERY SEARCH
Similar Species
Florida Sand Darter
Saddleback Darter"
Florida Museum,Ctenogobius shufeldtti,https://www.floridamuseum.ufl.edu/discover-fish/florida-fishes-gallery/freshwater-goby/,Coastal,https://www.floridamuseum.ufl.edu/wp-content/uploads/sites/66/2020/02/Plate-219-1536x512.jpg,output/images_all/florida-museum-freshwater-goby-90aed5f8.jpg,florida-museum-freshwater-goby-90aed5f8,"Ctenogobius shufeldtti
(Jordan and Eigenmann 1887)
Family Gobiidae
The freshwater goby shown above was collected in Carteret County, North Carolina in 2014. Photo courtesy of Scott A. Smith

The freshwater goby is a member of the goby family. It has an elongate and slender straw-colored body with five rectangular to squarish blotches on the lateral midline, and a wavy stripe on the head that extends from the corner of the mouth to the gill cover. This species has a subterminal mouth with a scaled nape and body, and the dorsal and caudal fins are lightly spotted. The pelvic fins are united, and males are distinguishable by the presence of bilateral streaks on the pelvic disc. The freshwater goby is a marine species that inhabits muddy and grassy areas of coastal freshwater environments, including rivers, creeks and ditches. It can also be found in low-salinity zones of bays and estuaries.

Status & distribution
Status — Marine invader
Florida Distribution — Western and North Central drainages and the Atlantic Coast
VIEW SPECIES IN COLLECTION DATABASE NEW GALLERY SEARCH
Similar Species
Lyre Goby
Naked Goby
Clown Goby"
Florida Museum,Cynoscion nebulosus,https://www.floridamuseum.ufl.edu/discover-fish/florida-fishes-gallery/spotted-seatrout/,Coastal,https://www.floridamuseum.ufl.edu/wp-content/uploads/sites/66/2020/02/Plate-189-2048x1188.jpg,output/images_all/florida-museum-spotted-seatrout-a0e88ea7.jpg,florida-museum-spotted-seatrout-a0e88ea7,"Cynoscion nebulosus
(Cuvier 1830)
Family Sciaenidae
The photo above shows an adult, top, and a juvenile, bottom, spotted seatrout. These fish are now part of the Florida Museum ichthyology collection. Top: UF 238446 Bottom: UF 238137. Florida Museum photo by Kenneth Krysko (top) and Zachary Randall (bottom)

The spotted seatrout is a member of the drum and croaker family. It has an elongate, compressed body and a large head. The mouth is terminal and large. There is a pair of enlarged, asymmetrically sized canines placed anteromedially on the upper jaw. There are no barbels or pores on the chin, and there are two marginal pores on the snout. The body is silvery with a bluish to purple or gray cast on the back, and there are many conspicuous black spots of varying sizes. The caudal fin is truncated to slightly rounded. The spotted seatrout is a marine species that enters nearshore environments including rivers, creeks, canals and ditches.

Status & distribution
Status — Marine invader
Florida Distribution — Western and North Central drainages, the Gulf Coast, South Florida and the Atlantic Coast
VIEW SPECIES IN COLLECTION DATABASE NEW GALLERY SEARCH"
Florida Museum,Cyprinella callitaenia,https://www.floridamuseum.ufl.edu/discover-fish/florida-fishes-gallery/bluestripe-shiner/,Flowing freshwater,https://www.floridamuseum.ufl.edu/wp-content/uploads/sites/66/2020/02/Plate-30-2048x1177.jpg,output/images_all/florida-museum-bluestripe-shiner-56d3f9f6.jpg,florida-museum-bluestripe-shiner-56d3f9f6,"Cyprinella callitaenia
(Bailey and Gibbs 1956)
Family Leuciscidae
Two adult bluestripe shiners are pictured above. These individuals are now part of the Florida Museum ichthyology collection, UF 187822. Florida Museum photo by Zachary Randall

The bluestripe shiner is a member of the minnow, shiner and chub family. It has a wide blueish stripe and diamond-shaped scales along the upper side of the body. These shiners have slightly subterminal mouths, and a small black blotch at the tip of the first ray and middle of the caudal fins. This species can be found in sandy runs of small to large rivers.

Status & distribution
Status — Native freshwater
Florida Distribution — Western and North Central drainages
River Drainages — the Apalachicola River
VIEW SPECIES IN COLLECTION DATABASE NEW GALLERY SEARCH
Similar Species
Bannerfin Shiner
Blacktail Shiner"
Florida Museum,Cyprinella venusta,https://www.floridamuseum.ufl.edu/discover-fish/florida-fishes-gallery/blacktail-shiner/,Flowing freshwater,https://www.floridamuseum.ufl.edu/wp-content/uploads/sites/66/2020/02/Plate-32-600x450.jpg,output/images_all/florida-museum-blacktail-shiner-b4cc3c23.jpg,florida-museum-blacktail-shiner-b4cc3c23,"Cyprinella venusta
Girard 1856
Family Leuciscidae
The two blacktail shiners pictured above were collected in Walton County, Florida in 2014. They are now part of the Florida Museum’s ichthyology collection, UF 187758. Florida Museum photo by Zachary Randall

Blacktail shiners are members of the minnow, shiner and chub family. They have a large black spot on base of the caudal fin and diamond-shaped scales along the upper side of their bodies. They are found in sandy runs and pools of creeks and rivers, and occasionally in rocky runs and pools.

Status & distribution
Status — Native freshwater
Florida Distribution — Western and North Central drainages
River Drainages — Perdido River, Escambia River, Blackwater River, Yellow River, Choctawhatchee River, Econfina Creek, Apalachicola River, Ochlockonee River and the Suwannee River
VIEW SPECIES IN COLLECTION DATABASE NEW GALLERY SEARCH
Similar Species
Bluestripe Shiner
Bannerfin Shiner"
Florida Museum,Cyprinodon variegatus,https://www.floridamuseum.ufl.edu/discover-fish/florida-fishes-gallery/sheepshead-minnow/,Coastal,https://www.floridamuseum.ufl.edu/wp-content/uploads/sites/66/2020/02/Plate-117-2022x2048.jpg,output/images_all/florida-museum-sheepshead-minnow-57df27d1.jpg,florida-museum-sheepshead-minnow-57df27d1,"Cyprinodon variegatus
Lacepéde 1803
Family Cyprinodontidae
The photo above shows two sheepshead minnows. These fish are now part of the Florida Museum ichthyology collection. Top: UF 238411 Bottom: UF 237845 Florida Museum photo by Zachary Randall

The sheepshead minnow is a member of the pupfish family. It has a stout body, and a small and upturned mouth. This species has a blunt snout and gently sloping dorsal profile. There are irregular dark bars on the side body that are most distinct posteriorly, and males have a black-edged caudal fin. Females have an ocellus at the rear of the dorsal fin. The sheepshead minnow is a marine species that can enter shoreline areas of a variety of fresh and saltwater environments with little to no current, including lakes, ditches, bays and estuaries.

Status & distribution
Status — Marine invader
Florida Distribution — Western and North Central drainages, the Gulf Coast, South Florida and the Atlantic Coast
VIEW SPECIES IN COLLECTION DATABASE NEW GALLERY SEARCH
Similar Species
Diamond Killifish
Flagfish"
Florida Museum,Cyprinus carpio,https://www.floridamuseum.ufl.edu/discover-fish/florida-fishes-gallery/common-carp/,Non-flowing freshwater,https://www.floridamuseum.ufl.edu/wp-content/uploads/sites/66/2020/02/Plate-33-2048x856.jpg,output/images_all/florida-museum-common-carp-c33ce209.jpg,florida-museum-common-carp-c33ce209,"Cyprinus carpio
Linnaeus 1758
Family Cyprinidae
The common carp pictured above was collected in a Mississippi River drainage in Hickman County, Kentucky in 2010. Photo courtesy of Matthew R. Thomas

The common carp is a member of the carp and minnow family, and has between 32 and 38 large scales along its lateral line. This species has two large barbels on each side of its upper jaw. The common carp can be found in muddy areas of lakes, ponds and impoundments, as well as in the pools of rivers.

Status & distribution
Status — Non-indigenous freshwater
Florida Distribution — Western and North Central and Peninsula drainages
River Drainages — Choctawhatchee River, Apalachicola River, Ochlockonee River, Suwannee River, the Everglades and the St. John’s River
VIEW SPECIES IN COLLECTION DATABASE NEW GALLERY SEARCH
Similar Species
Grass carp, Ctenopharyngodon idella"
Florida Museum,Cyrpinella leedsi,https://www.floridamuseum.ufl.edu/discover-fish/florida-fishes-gallery/bannerfin-shiner/,Flowing freshwater,https://www.floridamuseum.ufl.edu/wp-content/uploads/sites/66/2020/02/Plate-31-2048x1366.jpg,output/images_all/florida-museum-bannerfin-shiner-c2d160a3.jpg,florida-museum-bannerfin-shiner-c2d160a3,"Cyrpinella leedsi
(Fowler 1942)
Family Leuciscidae
An adult, bottom, and breeding male, top, bannerfin shiner are shown above. The adult shiner is now part of the Florida Museum’s ichthyology collection, UF 283067. Florida Museum photo by Zachary Randall

The bannerfin shiner is a member of the minnow, shiner and chub family. This species has a small black blotch at the tip of the first ray and at the middle of the second ray of the dorsal fin. Bannerfin shiners have diamond-shaped scales along upper side of the body, slightly subterminal mouths and a greatly enlarged dorsal fin. This shiner can be found in sandy runs of medium to large rivers

Status & distribution
Status — Native freshwater
Florida Distribution — Western and North Central drainages
River Drainages — Ochlockonee River and the Suwannee River
VIEW SPECIES IN COLLECTION DATABASE NEW GALLERY SEARCH
Similar Species
Bluestripe Shiner
Blacktail Shiner"
Florida Museum,Dajaus monticola,https://www.floridamuseum.ufl.edu/discover-fish/florida-fishes-gallery/mountain-mullet/,Diadromous,https://www.floridamuseum.ufl.edu/wp-content/uploads/sites/66/2020/02/Plate-91-2048x681.jpg,output/images_all/florida-museum-mountain-mullet-cb1381ad.jpg,florida-museum-mountain-mullet-cb1381ad,"Dajaus monticola
(Bancroft 1834)
Family Mugilidae
The mountain mullet shown above was collected in Columbia County, Florida in 2017. It is now part of the Florida Museum ichthyology collection, UF 191583. Florida Museum photo by Zachary Randall

The mountain mullet is a member of the mullet family. This species has no adipose eyelid and a dark blotch at the caudal fin base. Juveniles have a prominent cream-colored stripe on the side, and all individuals have slightly subterminal mouths. Mountain mullets are a marine species that enters freshwater creeks, rivers and canals. Some populations are thought to spawn in freshwater, while others spawn in marine environments.

Status & distribution
Status — Marine invader
Florida Distribution — Western and North Central drainages, and the Gulf Coast, South Florida and the Atlantic Coast
VIEW SPECIES IN COLLECTION DATABASE NEW GALLERY SEARCH
Similar Species
White Mullet"
Florida Museum,Diapterus auratus,https://www.floridamuseum.ufl.edu/discover-fish/florida-fishes-gallery/irish-pompano/,Coastal,https://www.floridamuseum.ufl.edu/wp-content/uploads/sites/66/2020/02/Plate-183-2048x1263.jpg,output/images_all/florida-museum-irish-pompano-ae11faa2.jpg,florida-museum-irish-pompano-ae11faa2,"Diapterus auratus
Ranzani 1842
Family Gerreidae
This Irish pompano was collected in Brevard County, Florida in 2014. It is now part of the Florida Museum ichthyology collection, UF 187782. Florida Museum photo by Zachary Randall

The Irish pompano is a member of the mojarra family. This species has a deep, rhomboidal body and pointed snout. The mouth is protrusible and subterminal, and the ventral edge of the preorbital bone is smooth. The pharyngeal teeth are large and pointed, and the body is silver and unpatterned. The dorsal and anal spines are robust, and the second anal spine is large but shorter than the anal fin base. The pectoral fin is large and falcate. The Irish pompano is a marine species that lives over sandy or muddy substrate and enters a variety of nearshore water bodies, including rivers, creeks, canals and ditches.

Status & distribution
Status — Marine invader
Florida Distribution — Gulf Coast, South Florida and Atlantic Coast
VIEW SPECIES IN COLLECTION DATABASE NEW GALLERY SEARCH
Similar Species
Tidewater Mojarra
Striped Mojarra"
Florida Museum,Dormitator maculatus,https://www.floridamuseum.ufl.edu/discover-fish/florida-fishes-gallery/fat-sleeper/,Coastal; Non-flowing freshwater,https://www.floridamuseum.ufl.edu/wp-content/uploads/sites/66/2020/02/Plate-215-2048x905.jpg,output/images_all/florida-museum-fat-sleeper-24bdd1c2.jpg,florida-museum-fat-sleeper-24bdd1c2,"Dormitator maculatus
(Bloch 1792)
Family Eleotridae
The fat sleeper above was collected in Volusia County, Florida in 2015. It is now part of the Florida Museum ichthyology collection, UF 238006. Florida Museum photo by Zachary Randall

The fat sleeper is a member of the sleeper family. It has a gray-brown to greenish-black stout, moderately compressed body and the top of the head is flattened and broad. The dorsal profile is sloped. There is a blunt snout and terminal mouth that is turned down at the corners. The fat sleeper is a brackish and freshwater species that inhabits freshwater ponds, sloughs, canals, culverts, wet prairies and quiet areas of rivers as well as brackish mangrove and bay habitats.

Status & distribution
Status — Marine invader
Florida Distribution — Western and North Central, Gulf Coast, South Florida and Atlantic Coast
VIEW SPECIES IN COLLECTION DATABASE NEW GALLERY SEARCH
Similar Species
River Goby
Freshwater Goby
Lyre Goby
Violet Goby
Naked Goby
Crested Goby
Clown Goby"
Florida Museum,Dorosoma cepedianum,https://www.floridamuseum.ufl.edu/discover-fish/florida-fishes-gallery/gizzard-shad/,Flowing freshwater,https://www.floridamuseum.ufl.edu/wp-content/uploads/sites/66/2020/02/Plate-28-2048x919.jpg,output/images_all/florida-museum-gizzard-shad-c2fe2b29.jpg,florida-museum-gizzard-shad-c2fe2b29,"Dorosoma cepedianum
(Lesueur 1818)
Family Clupeidae
The gizzard shad pictured above was collected in an Everglades drainage and is now a specimen in the Florida Museum’s ichthyology collection, UF 237956. Florida Museum photo by Zachary Randall

The gizzard shad is a member of the herring family. It has a very long last dorsal fin ray similar to that of the threadfin shad and a blunt snout. The gizzard shad has between 52 and 70 lateral scales. It can be found in runs and flowing pools of creeks and small to large rivers. This species is also often present in lakes and impoundments.

Status & distribution
Status — Native freshwater
Florida Distribution — Western and North Central and Peninsula drainages
River Drainages — Escambia River, Choctawhatchee River, Apalachicola River, Ochlockonee River, Suwannee River, Tampa Bay, the Myakka or Peace River, Lake Okeechobee, Caloosahatchee River, the Everglades, Indian River, the Tolomato or Matanzas River and the St. John’s River
VIEW SPECIES IN COLLECTION DATABASE NEW GALLERY SEARCH
Similar Species
Threadfin Shad"
Florida Museum,Dorosoma petenense,https://www.floridamuseum.ufl.edu/discover-fish/florida-fishes-gallery/threadfin-shad/,Flowing freshwater,https://www.floridamuseum.ufl.edu/wp-content/uploads/sites/66/2020/02/Plate-29-2048x875.jpg,output/images_all/florida-museum-threadfin-shad-cd04ae34.jpg,florida-museum-threadfin-shad-cd04ae34,"Dorosoma petenense
(Günther 1867)
Family Clupeidae
The threadfin shad pictured above was collected in Alachua County, Florida in 2015. It is now part of the Florida Museum’s ichthyology collection, UF 237814. Florida Museum photo by Zachary Randall

The threadfin shad is a member of the herring family. It has a very long last dorsal fin ray similar to that of the gizzard shad. The threadfin shad has a terminal mouth with a projecting lower jaw, black specks on the chin and floor of the mouth and between 40 and 48 lateral scales. This species can be found in sandy runs of small to large rivers.

Status & distribution
Status — Non-indigenous freshwater
Florida Distribution — Western and North Central drainages
River Drainages — Escambia River, Choctawhatchee River, Apalachicola River, Ochlockonee River, Suwannee River, Tampa Bay, the Myakka or Peace River, Lake Okeechobee, Caloosahatchee River, the Everglades, Indian River, the Tolomato or Matanzas River and the St. John’s River
VIEW SPECIES IN COLLECTION DATABASE NEW GALLERY SEARCH
Similar Species
Gizzard Shad"
Florida Museum,Elassoma gilberti,https://www.floridamuseum.ufl.edu/discover-fish/florida-fishes-gallery/gulf-coast-pygmy-sunfish/,Non-flowing freshwater,https://www.floridamuseum.ufl.edu/wp-content/uploads/sites/66/2020/02/Plate-161-2048x1853.jpg,output/images_all/florida-museum-gulf-coast-pygmy-sunfish-9bb7a56a.jpg,florida-museum-gulf-coast-pygmy-sunfish-9bb7a56a,"Elassoma gilberti
Snelson, Krabbenhoft and Quattro 2009
Family Elassomatidae
From top to bottom, the picture above shows a male and a female Gulf Coast pygmy sunfish. These fish are now part of the Florida Museum ichthyology collection. Top: UF 238491 Bottom: UF 238058 Florida Museum photo by Zachary Randall

The Gulf Coast pygmy sunfish is a member of the pygmy sunfish family. It has dark brown bars on the side of the body, many black specks and spots on the head and body and two large cream-colored spots at the caudal fin base. The Gulf Coast pygmy sunfish has four preopercular canal pores and between seven and eight anal rays. This species has light-colored lips, and large males are black with bright iridescent blue bars on the side of the body and below the eye. The Gulf Coast pygmy sunfish can be found in swamps, sloughs, ditches and backwaters of small streams. This species is usually found near vegetation or woody debris.

Status & distribution
Status — Native freshwater
Florida Distribution — Western and North Central and Peninsula drainages
River Drainages — Choctawhatchee River, Apalachicola River, Ochlockonee River, minor Gulf tributaries, Suwannee River and Lake Okeechobee
VIEW SPECIES IN COLLECTION DATABASE NEW GALLERY SEARCH
Similar Species
Okefenokee Pygmy Sunfish
Everglades Pygmy Sunfish
Banded Pygmy Sunfish"
Florida Museum,Elassoma okefenokee,https://www.floridamuseum.ufl.edu/discover-fish/florida-fishes-gallery/okefenokee-pygmy-sunfish/,Non-flowing freshwater,https://www.floridamuseum.ufl.edu/wp-content/uploads/sites/66/2020/02/Plate-162-2048x1019.jpg,output/images_all/florida-museum-okefenokee-pygmy-sunfish-05b9be6a.jpg,florida-museum-okefenokee-pygmy-sunfish-05b9be6a,"Elassoma okefenokee
Böhlke 1956
Family Elassomatidae
This Okefenokee pygmy sunfish was collected in Columbia County, Florida in 2016. This fish is now part of the Florida Museum ichthyology collection, UF 238464. Florida Museum photo by Zachary Randall

The Okefenokee pygmy sunfish is a member of the pygmy sunfish family. It has dark brown bars on the side of the body that are darkest posteriorly and many black specks and spots on the head and body. There are two large cream-colored spots at the caudal fin base and the lips are typically light-colored in the front except in large males. Large males are shiny black with bright iridescent blue bars on the side of the body and below the eye. Okefenokee pygmy sunfish can be found in swamps, sloughs, ditches and backwaters of small streams. This species is usually found near vegetation or woody debris.

Status & distribution
Status — Native freshwater
Florida Distribution — Western and North Central and Peninsula drainages
River Drainages — minor Gulf tributaries; Suwannee River, Withlacoochee River, Tampa Bay, Lake Okeechobee, St. John’s River and the St. Mary’s River
VIEW SPECIES IN COLLECTION DATABASE NEW GALLERY SEARCH
Similar Species
Gulf Coast Pygmy Sunfish
Everglades Pygmy Sunfish
Banded Pygmy Sunfish"
Florida Museum,Elassoma zonatum,https://www.floridamuseum.ufl.edu/discover-fish/florida-fishes-gallery/banded-pygmy-sunfish/,Non-flowing freshwater,https://www.floridamuseum.ufl.edu/wp-content/uploads/sites/66/2020/02/Plate-163-2048x1659.jpg,output/images_all/florida-museum-banded-pygmy-sunfish-daa682be.jpg,florida-museum-banded-pygmy-sunfish-daa682be,"Elassoma zonatum
Jordan 1877
Family Elassomatidae
The photo above shows a male, top, and an adult, bottom, banded pygmy sunfish. These fish are now part of the Florida Museum ichthyology collection. Top: UF 237737 Bottom: UF 187763 Florida Museum photo by Zachary Randall

The banded pygmy sunfish is a member of the pygmy sunfish family. It has between seven and 12 black bars on the side of the light to dark brown body, and between one and two large and sometimes indistinct black spots on the upper side of the body near the dorsal fin origin. Large males are black with alternating bronze and black bars on the side. The banded pygmy sunfish can be found in swamps, sloughs, ditches and backwaters of small streams; usually found near vegetation or woody debris.

Status & distribution
Status — Native freshwater
Florida Distribution — Western and North Central and Peninsula drainages
River Drainages — Perdido River, Escambia River, Blackwater River, Yellow River, Choctawhatchee River, Apalachicola River, Ochlockonee River, minor Gulf tributaries, Suwannee River, St. John’s River and the St. Mary’s River
VIEW SPECIES IN COLLECTION DATABASE NEW GALLERY SEARCH
Similar Species
Everglades Pygmy Sunfish"
Florida Museum,Eleotris amblyopsis,https://www.floridamuseum.ufl.edu/discover-fish/florida-fishes-gallery/largescale-spinycheek-sleeper/,Coastal,https://www.floridamuseum.ufl.edu/wp-content/uploads/sites/66/2020/02/Plate-216-2048x733.jpg,output/images_all/florida-museum-largescale-spinycheek-sleeper-25490d2d.jpg,florida-museum-largescale-spinycheek-sleeper-25490d2d,"Eleotris amblyopsis
(Cope 1871)
Family Eleotridae
This largescaled spinycheek sleeper was collected in Volusia County, Florida in 2015. It is now part of the Florida Museum ichthyology collection, UF 238005. Florida Museum photo by Zachary Randall

The largescaled spinycheek sleeper is a member of the sleeper family. It has an elongate body that is dark brown. This species also has a distinctly paler cream-colored area dorsally that extends from the tip of the snout, between the eyes and to the caudal fin base. It has a blunt snout and upturned mouth with a broad head, and the dorsal profile is gently arched. The largescaled spinycheek sleeper is a marine species that enters rivers, creeks, canals, ditches and ponds in coastal and inland environments.

Status & distribution
Status — Marine invader
Florida Distribution — Western and North Central drainages, South Florida and the Atlantic Coast
VIEW SPECIES IN COLLECTION DATABASE NEW GALLERY SEARCH
Similar Species
River Goby
Freshwater Goby
Lyre Goby
Violet Goby
Naked Goby
Crested Goby
Clown Goby"
Florida Museum,Elops saurus,https://www.floridamuseum.ufl.edu/discover-fish/florida-fishes-gallery/ladyfish/,Coastal,https://www.floridamuseum.ufl.edu/wp-content/uploads/sites/66/2020/02/Plate-16-2048x614.jpg,output/images_all/florida-museum-ladyfish-41e75511.jpg,florida-museum-ladyfish-41e75511,"Elops saurus
Linnaeus 1766
Family Elopidae
The ladyfish pictured above was collected in St. John’s County, Florida, in 2014. It is now a specimen in the Florida Museum ichthyology collection, UF 187677. Florida Museum photo by Zachary Randall

Ladyfish have a lower jaw that does not project, a large eye with its anterior and posterior aspects covered with adipose eyelid and between 119 and 128 lateral scales. The ladyfish is a marine species that lives in primarily coastal environments, and can occasionally be found in canals, sloughs and large rivers. Ladyfish are members of the tenpounder family.

Status & distribution
Status — Marine invader
Florida Distribution — The Gulf Coast, South Florida and the Atlantic Coast
VIEW SPECIES IN COLLECTION DATABASE NEW GALLERY SEARCH
Similar Species
Tarpon"
Florida Museum,Enneacanthus chaetodon,https://www.floridamuseum.ufl.edu/discover-fish/florida-fishes-gallery/blackbanded-sunfish/,Non-flowing freshwater,https://www.floridamuseum.ufl.edu/wp-content/uploads/sites/66/2020/02/Plate-139-2048x1248.jpg,output/images_all/florida-museum-blackbanded-sunfish-4c10f77a.jpg,florida-museum-blackbanded-sunfish-4c10f77a,"Enneacanthus chaetodon
(Baird 1855)
Family Centrarchidae
The blackbanded sunfish pictured above was collected from Madison County, Florida in 2014. It is now part of the Florida Museum ichthyology collection, UF 187985. Florida Museum photo by Zachary Randall

The blackbanded sunfish is a member of the sunfish family. It has an extremely compressed body with six bold, black bars on the head and side. The caudal fin is rounded rounded, and the first spine and membrane of the pelvic fin are pink to red. The back and upper side body are dusky yellow-gray. Blackbanded sunfish can be found in swamps and vegetated lakes, ponds and backwaters of small to medium rivers.

Status & distribution
Status — Native freshwater
Florida Distribution — Western and North Central and Peninsula drainages
River Drainages — minor Gulf tributaries, Suwannee River, Withlacoochee River, Tampa Bay, St. John’s River and the St. Mary’s River
VIEW SPECIES IN COLLECTION DATABASE NEW GALLERY SEARCH
Similar Species
Banded Sunfish
Bluespotted Sunfish"
Florida Museum,Enneacanthus gloriosus,https://www.floridamuseum.ufl.edu/discover-fish/florida-fishes-gallery/bluespotted-sunfish/,Non-flowing freshwater,https://www.floridamuseum.ufl.edu/wp-content/uploads/sites/66/2020/02/Plate-140-2048x1282.jpg,output/images_all/florida-museum-bluespotted-sunfish-9ac4adb9.jpg,florida-museum-bluespotted-sunfish-9ac4adb9,"Enneacanthus gloriosus
(Holbrook 1855)
Family Centrarchidae
The bluespotted sunfish pictured above was collected in Escambia County, Florida in 2015. This fish is now part of the Florida Museum ichthyology collection, UF 238275. Florida Museum photo by Zachary Randall

The bluespotted sunfish is a member of the sunfish family. It has a compressed body with rows of bright blue or silver spots along the side, a black teardrop and a rounded caudal fin. There are typically between 16 and 18 scales around the caudal peduncle. Bluespotted sunfish can be found in swamps and vegetated lakes, ponds, pools and backwaters of creeks and small to medium rivers.

Status & distribution
Status — Native freshwater
Florida Distribution — Western and North Central and Peninsula drainages
River Drainages — Perdido River, Escambia River, Blackwater River, Yellow River, Choctawhatchee River, Econfina Creek, Apalachicola River, Ochlockonee River, minor Gulf tributaries, Suwannee River, Withlacoochee River, Tampa Bay, the Myakka or Peace River, Lake Okeechobee, Caloosahatchee River, the Everglades, St. John’s River and the St. Mary’s River
VIEW SPECIES IN COLLECTION DATABASE NEW GALLERY SEARCH
Similar Species
Blackbanded Sunfish
Banded Sunfish"
Florida Museum,Enneacanthus obesus,https://www.floridamuseum.ufl.edu/discover-fish/florida-fishes-gallery/banded-sunfish/,Non-flowing freshwater,https://www.floridamuseum.ufl.edu/wp-content/uploads/sites/66/2020/02/Plate-141-2048x1263.jpg,output/images_all/florida-museum-banded-sunfish-7ee126da.jpg,florida-museum-banded-sunfish-7ee126da,"Enneacanthus obesus
(Girard 1854)
Family Centrarchidae
The banded sunfish pictured above was collected in Columbia County, Florida. It is now part of the Florida Museum ichthyology collection, UF 238467. Florida Museum photo by Zachary Randall

The banded sunfish is a member of the sunfish family. It has between five and seven dusky black bars on its side, a black teardrop and a rounded caudal fin. There are between 19 and 22 scales around the caudal penduncle. The body is dusky olive, with rows of indistinct purple-gold. Banded sunfish can be found in swamps and vegetated lakes, ponds, pools and backwaters of creeks and small to medium rivers.

Status & distribution
Status — Native freshwater
Florida Distribution — Western and North Central and Peninsula drainages
River Drainages — Perdido River, Blackwater River, Yellow River, Choctawhatchee River, Econfina Creek, Apalachicola River, Ochlockonee River, minor Gulf tributaries, Withlacoochee River, St. John’s River and the St. Mary’s River
VIEW SPECIES IN COLLECTION DATABASE NEW GALLERY SEARCH
Similar Species
Bluespotted Sunfish
Blackbanded Sunfish"
Florida Museum,Ericymba amplamala,https://www.floridamuseum.ufl.edu/discover-fish/florida-fishes-gallery/longjaw-minnow/,Flowing freshwater,https://www.floridamuseum.ufl.edu/wp-content/uploads/sites/66/2020/02/Plate-34-2048x741.jpg,output/images_all/florida-museum-longjaw-minnow-d6261767.jpg,florida-museum-longjaw-minnow-d6261767,"Ericymba amplamala
(Pera & Armbruster 2006)
Family Leuciscidae
The longjaw minnow shown above was collected in Walton County, Florida and is now part of the Florida Museum ichthyology collection, UF 187757. Florida Museum photo by Zachary Randall

The longjaw minnow is part of the minnow, shiner and chub family. This species has large silver-white chambers on its cheek and the underside of its head is flattened. Longjaw minnows have subterminal mouths and their eyes are upward-facing. A dark streak along the back and the scales are darkly outlines. Longjaw minnows can be found in shallow, sandy riffles and runs of creeks and small to medium rivers.

Status & distribution
Status — Native freshwater
Florida Distribution — Western and North Central drainages
River Drainages — Perdido River, Escambia River, Yellow River, Choctawhatchee River, Apalachicola River and the Ochlockonee River
VIEW SPECIES IN COLLECTION DATABASE NEW GALLERY SEARCH
Similar Species
Longnose Shiner"
Florida Museum,Ericymba buccata,https://www.floridamuseum.ufl.edu/discover-fish/florida-fishes-gallery/longnose-shiner/,Flowing freshwater,https://www.floridamuseum.ufl.edu/wp-content/uploads/sites/66/2020/02/Plate-46-2048x661.jpg,output/images_all/florida-museum-longnose-shiner-e8905e6b.jpg,florida-museum-longnose-shiner-e8905e6b,"Ericymba buccata
Cope 1865
Family Leuciscidae
The longnose shiner pictured above was collected in Escambia County, Florida in 2015. It is now part of the Florida Museum ichthyology collection, UF 237771. Florida Museum photo by Zachary Randall

The longnose shiner is a member of the minnow, shiner and chub family. It has a slender body that is flattened below and a long, rounded snout. This species has an upwardly directed eye and a subterminal mouth. Longnose shiners have yellow fins, and large males can have fins and a snout ranging in color from bright yellow to orange. These shiners can be found in sandy runs, and in pools of creeks and small to medium rivers. Longnose shiners often live in very shallow water.

Status & distribution
Status — Native freshwater
Florida Distribution — Western and North Central drainages
River Drainages — Perdido River, Escambia River, Blackwater River, Yellow River, Choctawhatchee River, Econfina Creek and the Ochlockonee River
VIEW SPECIES IN COLLECTION DATABASE NEW GALLERY SEARCH
Similar Species
Clear Chub
Pallid Chub"
Florida Museum,Erimyzon sucetta,https://www.floridamuseum.ufl.edu/discover-fish/florida-fishes-gallery/lake-chubsucker/,Non-flowing freshwater,https://www.floridamuseum.ufl.edu/wp-content/uploads/sites/66/2020/02/Plate-61-2048x1866.jpg,output/images_all/florida-museum-lake-chubsucker-ed0972e8.jpg,florida-museum-lake-chubsucker-ed0972e8,"Erimyzon sucetta
(Lacepéde 1803)
Family Catostomidae
A breeding male lake chubsucker, top, and an adult lake chubsucker, bottom, are pictured above. These fish are now part of the Florida Museum ichthyology collection. Top: UF 237617 Bottom: 238447. Florida Museum photo by Zachary Randall.

Lake chubsuckers are members of the sucker family. They lack a lateral line, and have a rounded dorsal fin and between 35 and 39 lateral scales. They can be found in sandy and muddy lakes, swamps, ponds and sloughs, and in pools of creeks and small rivers.

Status & distribution
Status — Native freshwater
Florida Distribution — Western and North Central and Peninsula drainages
River Drainages — Perdido River, Escambia River, Blackwater River, Yellow River, Choctawhatchee River, Econfina Creek, Apalachicola River, Ochlockonee River, minor Gulf tributaries, Suwannee River, Withlacoochee River, Tampa Bay, the Myakka or Peace River, Lake Okeechobee, Caloosahatchee River, Everglades, Indian River, the Tolomato or Matanzas River, St. John’s River and the St. Mary’s River
VIEW SPECIES IN COLLECTION DATABASE NEW GALLERY SEARCH
Similar Species
Sharpfin Chubsucker"
Florida Museum,Erimyzon tenuis,https://www.floridamuseum.ufl.edu/discover-fish/florida-fishes-gallery/sharpfin-chubsucker/,Flowing freshwater,https://www.floridamuseum.ufl.edu/wp-content/uploads/sites/66/2020/02/Plate-62-2048x1630.jpg,output/images_all/florida-museum-sharpfin-chubsucker-4873cee8.jpg,florida-museum-sharpfin-chubsucker-4873cee8,"Erimyzon tenuis
(Agassiz 1855)
Family Catostomidae
The photo above shows an adult male, top, and juvenile, bottom, sharpfin chubsucker. These fish are now part of the Florida Museum ichthyology collection. Top: UF 237618 Bottom: UF 185469 Florida Museum photo by Zachary Randall

Sharpfin chubsuckers are members of the sucker family. They lack a lateral line, and have a sharply pointed dorsal fin and between 40 and 45 lateral scales. These chubsuckers have a thick body and nearly terminal mouth. They can be found over sand or silt – often near vegetation, – in pools and backwaters of creeks and small rivers.

Status & distribution
Status — Native freshwater
Florida Distribution — Western and North Central drainages
River Drainages — Escambia River, Perdido River, Blackwater River and the Yellow River
VIEW SPECIES IN COLLECTION DATABASE NEW GALLERY SEARCH
Similar Species
Lake Chubsucker"
Florida Museum,Esox americanus,https://www.floridamuseum.ufl.edu/discover-fish/florida-fishes-gallery/redfin-pickerel/,Non-flowing freshwater,https://www.floridamuseum.ufl.edu/wp-content/uploads/sites/66/2020/02/Plate-87-2048x1422.jpg,output/images_all/florida-museum-redfin-pickerel-a46e5547.jpg,florida-museum-redfin-pickerel-a46e5547,"Esox americanus
Gmelin 1789
Family Esocidae
The figure above shows three redfin pickerel collected from Lake County, top, Escambia County, middle, and Bradford County, bottom, in Florida. These fish are now part of the Florida Museum ichthyology collection. Top: UF 238404 Middle: UF 185415 Bottom: UF 237610 Florida Museum photo by Zachary Randall

The redfin pickerel is a member of the pike and mudminnow family. It has a large, duckbill-like snout and dark green to brown wavy bars along its side. The redfin pickerel has red, yellow or dusky fins and between 11 and 13 branchiostegal rays. It has a long and cylindrical body and can be found in lakes, ponds, swamps and backwaters and sluggish pools of creeks and small to large rivers.

Status & distribution
Status — Native freshwater
Florida Distribution — Western and North Central and Peninsula drainages
River Drainages — Perdido River, Escambia River, Blackwater River, Yellow River, Choctawhatchee River, Econfina Creek, Apalachicola River, Ochlockonee River, minor Gulf tributaries, Suwannee River, Withlacoochee River, Tampa Bay, the Mayakka or Peace River, Everglades, Indian River, the Tolomato or Matanzas River, St. John’s River and the St. Mary’s River
VIEW SPECIES IN COLLECTION DATABASE NEW GALLERY SEARCH
Similar Species
Chain Pickerel"
Florida Museum,Esox niger,https://www.floridamuseum.ufl.edu/discover-fish/florida-fishes-gallery/chain-pickerel/,Non-flowing freshwater,https://www.floridamuseum.ufl.edu/wp-content/uploads/sites/66/2020/02/Plate-88-2048x1570.jpg,output/images_all/florida-museum-chain-pickerel-05cc7d18.jpg,florida-museum-chain-pickerel-05cc7d18,"Esox niger
Lesueur 1818
Family Esocidae
The chain pickerel shown above were collected in Dixie County, top, Walton County, middle, and Escambia County, bottom. These fish are now part of the Florida Museum ichthyology collection. Top: UF 238041 Middle: UF 187727 Bottom: UF 237780 Florida Museum photo by Zachary Randall

The chain pickerel is a member of the pike and mudminnow family. It has a large, duckbill-like snout. There is green, chainlike patterning on adults and wavy, yellow bars on the juvenile. This species’ fins are yellow or dusky green, and it has between 14 and 17 branchiostegal rays. It has a long and cylindrical body, and can be found in lakes, ponds, swamps and pools and backwaters of creeks and small to large rivers. Chain pickerel are usually found near vegetation.

Status & distribution
Status — Native freshwater
Florida Distribution — Western and North Central and Peninsula drainages
River Drainages — Perdido River, Escambia River, Blackwater River, Yellow River, Choctawhatchee River, Econfina Creek, Apalachicola River, Ochlockonee River, minor Gulf tributaries, Suwannee River, Tampa Bay, Lake Okeechobee, Caloosahatchee River, the Everglades and the St. John’s River
VIEW SPECIES IN COLLECTION DATABASE NEW GALLERY SEARCH
Similar Species
Redfin Pickerel"
Florida Museum,Etheostoma colorosum,https://www.floridamuseum.ufl.edu/discover-fish/florida-fishes-gallery/coastal-darter/,Flowing freshwater,https://www.floridamuseum.ufl.edu/wp-content/uploads/sites/66/2020/02/Plate-166-2048x1404.jpg,output/images_all/florida-museum-coastal-darter-55bdf94d.jpg,florida-museum-coastal-darter-55bdf94d,"Etheostoma colorosum
Suttkus and Bailey 1993
Family Percidae
The photo above shows a breeding male, top, and female, bottom, coastal darter. These fish are now part of the Florida Museum ichthyology collection. Top: UF 237647 Bottom: UF 237740 Florida Museum photo by Zachary Randall

The coast darter is a member of the perch and darter family. It has a blunt snout, subterminal mouth, no premaxillary frenum and a complete lateral line. The body is light brown on the back and upper side, often with eight brown saddles and between seven and nine brown blotches on the side just below the lateral line. There are five branchiostegal rays. Coastal darters can be found in sandy and gravelly pools of headwaters, creeks and small rivers.

Status & distribution
Status — Native freshwater
Florida Distribution — Western and North Central drainages
River Drainages — Perdido River, Escambia River, Blackwater River, Yellow River and the Choctawhatchee River
VIEW SPECIES IN COLLECTION DATABASE NEW GALLERY SEARCH
Similar Species
Gulf Darter
Choctawhatchee Darter
Okaloosa Darter"
Florida Museum,Etheostoma davisoni,https://www.floridamuseum.ufl.edu/discover-fish/florida-fishes-gallery/choctawhatchee-darter/,Flowing freshwater,https://www.floridamuseum.ufl.edu/wp-content/uploads/sites/66/2020/02/Plate-167-2048x1281.jpg,output/images_all/florida-museum-choctawhatchee-darter-68565c99.jpg,florida-museum-choctawhatchee-darter-68565c99,"Etheostoma davisoni
Hay 1885
Family Percidae
The photo above shows a breeding male, top, and a female, bottom, Choctawhatchee darter. These fish are now part of the Florida Museum ichthyology collection. Top: UF 237759 Bottom: UF 237775 Florida Museum photo by Zachary Randall

The Choctawhatchee darter is a member of the perch and darter family. It has a black bridle around an extremely blunt snout, no premaxillary frenum and an incomplete lateral line. The body is light yellow brown and slender, with dark brown dashes and blotches along the side. Large males have a pink cast to the upper body. Choctawhatchee darters can be found in sandy and muddy pools of creeks and small rivers, and this species is often found near woody debris.

Status & distribution
Status — Native freshwater
Florida Distribution — Western and North Central drainages
River Drainages — Escambia River, Blackwater River, Yellow River and the Choctawhatchee River
VIEW SPECIES IN COLLECTION DATABASE NEW GALLERY SEARCH
Similar Species
Tessellated Darter
Speckled Darter"
Florida Museum,Etheostoma edwini,https://www.floridamuseum.ufl.edu/discover-fish/florida-fishes-gallery/brown-darter/,Flowing freshwater,https://www.floridamuseum.ufl.edu/wp-content/uploads/sites/66/2020/02/Plate-168-2048x1363.jpg,output/images_all/florida-museum-brown-darter-e4c79f10.jpg,florida-museum-brown-darter-e4c79f10,"Etheostoma edwini
(Hubbs and Cannon 1935)
Family Percidae
The photo above shows a breeding male, top, and a non-breeding male, bottom, brown darter. These fish are now part of the Florida Museum ichthyology collection. Top: UF 187792 Bottom: UF 187746 Florida Museum photo by Zachary Randall

The brown darter is a member of the perch and darter family. It has a slender body with a short snout and terminal mouth. The body is overall mottled brown with bright red spots on either side and on the dorsal, caudal and anal fins. There are black spots on the lower half of the head. The lateral line is cream-yellow, incomplete and may be arched near the front. Brown darters live among vegetation in sandy runs and pools of creeks and small to medium rivers.

Status & distribution
Status — Native freshwater
Florida Distribution — Western and North Central drainages
River Drainages — Perdido River, Escambia River, Blackwater River, Yellow River, Choctawhatchee River, Econfina Creek, Apalachicola River, Ochlockonee River, minor Gulf tributaries and the Suwannee River
VIEW SPECIES IN COLLECTION DATABASE NEW GALLERY SEARCH
Similar Species
Swamp Darter
Okaloosa Darter"
Florida Museum,Etheostoma fusiforme,https://www.floridamuseum.ufl.edu/discover-fish/florida-fishes-gallery/swamp-darter/,Non-flowing freshwater,https://www.floridamuseum.ufl.edu/wp-content/uploads/sites/66/2020/02/Plate-169-2048x1351.jpg,output/images_all/florida-museum-swamp-darter-b42fee6a.jpg,florida-museum-swamp-darter-b42fee6a,"Etheostoma fusiforme
(Girard 1854)
Family Percidae
The photo above shows a breeding male, top, and a female, bottom, swamp darter. These fish are now part of the Florida Museum ichthyology collection, UF 238198. Florida Museum photo by Zachary Randall

The swamp darter is a member of the perch and darter family. It has an elongated, compressed body with an incomplete lateral line that is strongly arched anteriorly with 28 or fewer pores. The body is green to tan on the back and upper side with small dark saddles and dark green and brown mottling. There are one or more black spots on the caudal fin base, and this species has a short snout and terminal mouth. Swamp darters can be found in pools and backwaters, usually near vegetation or woody debris, of creeks, small to medium rivers, lakes, ditches and canals.

Status & distribution
Status — Native freshwater
Florida Distribution — Western and North Central and Peninsula drainages
River Drainages — Perdido River, Escambia River, Blackwater River, Yellow River, Choctawhatchee River, Econfina Creek, Apalachicola River, Ochlockonee River, minor Gulf tributaries, Suwannee River, Withlacoochee River, Tampa Bay, the Myakka or Peace River, Lake Okeechobee, Caloosahatchee River, the Everglades, Indian River, the Tolomato or Matanzas River, St. John’s River and the St. Mary’s River
VIEW SPECIES IN COLLECTION DATABASE NEW GALLERY SEARCH
Similar Species
Cypress Darter
Backwater Darter
Brown Darter"
Florida Museum,Etheostoma histrio,https://www.floridamuseum.ufl.edu/discover-fish/florida-fishes-gallery/harlequin-darter/,Flowing freshwater,https://www.floridamuseum.ufl.edu/wp-content/uploads/sites/66/2020/02/Plate-170-2048x1291.jpg,output/images_all/florida-museum-harlequin-darter-1219176d.jpg,florida-museum-harlequin-darter-1219176d,"Etheostoma histrio
Jordan and Gilbert 1887
Family Percidae
The photo above shows an adult, top, and juvenile, bottom, harlequin darter. These fish are now part of the Florida Museum ichthyology collection, UF 238162. Florida Museum photo by Zachary Randall

The harlequin darter is a member of the perch and darter family. It has a large head, blunt snout and a subterminal mouth. This species has two large dark brown spots on the caudal fin base, and many dark brown or black specks on the yellow belly and underside of the head. The first dorsal fin is mostly clear with a dark, red-brown margin on the first dorsal fin. Large males are emerald green with brown and black mottling and a dusky green margin on the first dorsal fin. The harlequin darter lives in sand and gravel runs of small to medium rivers near woody debris in moderate to fast current.

Status & distribution
Status — Native freshwater
Florida Distribution — Western and North Central drainages
River Drainages — the Escambia River
VIEW SPECIES IN COLLECTION DATABASE NEW GALLERY SEARCH"
Florida Museum,Etheostoma okaloosae,https://www.floridamuseum.ufl.edu/discover-fish/florida-fishes-gallery/okaloosa-darter/,Flowing freshwater,https://www.floridamuseum.ufl.edu/wp-content/uploads/sites/66/2020/02/Plate-171-2048x703.jpg,output/images_all/florida-museum-okaloosa-darter-a901680a.jpg,florida-museum-okaloosa-darter-a901680a,"Etheostoma okaloosae
(Fowler 1941)
Family Percidae
This Okaloosa darter was collected in Okaloosa County, Florida in 2015. It is now part of the Florida Museum ichthyology collection, UF 237806. Florida Museum photo by Zachary Randall

The Okaloosa darter is a member of the perch and darter family. It has a slender body with a short and pointed snout. There is a well-developed frenulum and terminal mouth, along with a large black humeral spot. This species has between five and eight rows of small, dark brown spots and brown bars on the side of the body. The first dorsal fin has a thin, red band. Okaloosa darters live in vegetated, sandy runs of creeks.

Status & distribution
Status — Native freshwater
Florida Distribution — Western and North Central drainages
River Drainages — Choctawhatchee River
VIEW SPECIES IN COLLECTION DATABASE NEW GALLERY SEARCH
Similar Species
Gulf Darter
Brown Darter
Coastal Darter"
Florida Museum,Etheostoma olmstedi,https://www.floridamuseum.ufl.edu/discover-fish/florida-fishes-gallery/tessellated-darter/,Flowing freshwater,https://www.floridamuseum.ufl.edu/wp-content/uploads/sites/66/2020/02/Plate-172-2048x669.jpg,output/images_all/florida-museum-tessellated-darter-efaf5ce2.jpg,florida-museum-tessellated-darter-efaf5ce2,"Etheostoma olmstedi
Storer 1842
Family Percidae
This tessellated darter was collected in Putnam County, Florida in 2016. It is now part of the Florida Museum ichthyology collection, UF 238679. Florida Museum photo by Zachary Randall

The tessellated darter is a member of the perch and darter family. It is light brown with six dark brown saddles, and there are dark brown “Xs” and “Ws” along the side of the slender body. This species has wavy brown lines on the upper side, no premaxillary frenum and fins that are clear or have thin brown bands. There is a black spot located anteriorly on the first dorsal fin. Tessellated darters can be found in sandy pools of headwaters, creeks and small rivers.

Status & distribution
Status — Native freshwater
Florida Distribution — Peninsula drainages
River Drainages — the St. John’s River
VIEW SPECIES IN COLLECTION DATABASE NEW GALLERY SEARCH
Similar Species
Choctawhatchee Darter
Speckled Darter"
Florida Museum,Etheostoma parvipinne,https://www.floridamuseum.ufl.edu/discover-fish/florida-fishes-gallery/goldstripe-darter/,Flowing freshwater,https://www.floridamuseum.ufl.edu/wp-content/uploads/sites/66/2020/02/Plate-173-2048x1412.jpg,output/images_all/florida-museum-goldstripe-darter-a369cc54.jpg,florida-museum-goldstripe-darter-a369cc54,"Etheostoma parvipinne
Gilbert and Swain 1887
Family Percidae
The photo above shows a breeding male, top, and a female, bottom, goldstripe darter. These fish were photographed in Calloway County, Kentucky. Photo courtesy of Matthew R. Thomas

The goldstripe darter is a member of the perch and darter family. It has a very short, blunt snout, a small mouth and a reddish eye. The lateral line is light yellow and there are one or more black spots aligned vertically on the caudal fin base. The fins have thin black bands on the rays, and large males have a black spot at the front of the first dorsal fin and thin dark stripes on the rear half of the body. Goldstripe darters can be found in pools and backwaters of spring-fed headwaters and creeks.

Status & distribution
Status — Native freshwater
Florida Distribution — Western and North Central drainages
River Drainages — Chochtawhatchee River and the Apalachicola River
VIEW SPECIES IN COLLECTION DATABASE NEW GALLERY SEARCH"
Florida Museum,Etheostoma proeliare,https://www.floridamuseum.ufl.edu/discover-fish/florida-fishes-gallery/cypress-darter/,Flowing freshwater,https://www.floridamuseum.ufl.edu/wp-content/uploads/sites/66/2020/02/Plate-174-2048x1296.jpg,output/images_all/florida-museum-cypress-darter-4b0ff1c2.jpg,florida-museum-cypress-darter-4b0ff1c2,"Etheostoma proeliare
(Hay 1881)
Family Percidae
The photo above shows a breeding male, top, and a female, bottom, cypress darter. These fish are now part of the Florida Museum ichthyology collection, UF 190926. Florida Museum photo by Zachary Randall

The cypress darter is a member of the perch and darter family. It has very shallow pores and a strongly arched lateral line. This species has a slender, yellow-brown body. There are black or brown dashes along the midside of the body and rows of black spots and “Xs” on the lower side. There is also a black spot at the caudal fin base, and large males have black anal and pelvic fins and a large lateral flap on the pelvic fin; short snout and terminal mouth. Cypress darters can be found in vegetated backwaters and pools of creeks and small rivers.

Status & distribution
Status — Native freshwater
Florida Distribution — Western and North Central drainages
River Drainages — Escambia River and the Choctawhatchee River
VIEW SPECIES IN COLLECTION DATABASE NEW GALLERY SEARCH
Similar Species
Okaloosa Darter
Backwater Darter
Swamp Darter"
Florida Museum,Etheostoma stigmaeum,https://www.floridamuseum.ufl.edu/discover-fish/florida-fishes-gallery/speckled-darter/,Flowing freshwater,https://www.floridamuseum.ufl.edu/wp-content/uploads/sites/66/2020/02/Plate-175-2048x1281.jpg,output/images_all/florida-museum-speckled-darter-16b60a88.jpg,florida-museum-speckled-darter-16b60a88,"Etheostoma stigmaeum
(Jordan 1877)
Family Percidae
The photo above shows a breeding male, top, and female, bottom, speckled darter. These fish are now part of the Florida Museum ichthyology collection, UF 238500. Florida Museum photo by Zachary Randall

The speckled darter is a member of the perch and minnow family. It has a row of dark brown squares along the side of the body just below the lateral line and no premaxillary frenum. The body is light brown on the back and side with between six and seven small and dark brown saddles. Large males have bright blue bars on the side of the head and body, and they have bright red-orange and blue bands on the first dorsal fin. Speckled darters can be found in sandy and gravelly pools of creeks and small to medium rivers.

Status & distribution
Status — Native freshwater
Florida Distribution — Western and North Central drainages
River Drainages — Perdido River, Escambia River, Blackwater River and the Yellow River
VIEW SPECIES IN COLLECTION DATABASE NEW GALLERY SEARCH
Similar Species
Tessellated Darter
Choctawhatchee Darter"
Florida Museum,Etheostoma swaini,https://www.floridamuseum.ufl.edu/discover-fish/florida-fishes-gallery/gulf-darter/,Flowing freshwater,https://www.floridamuseum.ufl.edu/wp-content/uploads/sites/66/2020/02/Plate-176-2048x1492.jpg,output/images_all/florida-museum-gulf-darter-0489a57f.jpg,florida-museum-gulf-darter-0489a57f,"Etheostoma swaini
(Jordan 1884)
Family Percidae
The photo above shows a breeding male, top, and a male, bottom, Gulf darter. These fish are now part of the Florida Museum ichthyology collection. Top: UF 237648 Bottom: UF 237772 Florida Museum photo by Zachary Randall

The Gulf darter is a member of the perch and darter family. It has dark brown on the back and side of the body along with thin, dark lines on the upper side body with white to orange coloration on the lower side and belly. There are dark bars on the side of the body that can often be obscured by mottling. This species has a short snout and terminal mouth with an incomplete lateral line. The Gulf darter can be found in riffles and runs in headwaters, creeks and small to medium rivers. This species is often found near vegetation.

Status & distribution
Status — Native freshwater
Florida Distribution — Western and North Central drainages
River Drainages — Perdido River, Escambia River, Blackwater River, Yellow River, Choctawhatchee River, Econfina Creek, Apalachicola River and the Ochlockonee River
VIEW SPECIES IN COLLECTION DATABASE NEW GALLERY SEARCH
Similar Species
Coastal Darter
Okaloosa Darter"
Florida Museum,Etheostoma zonifer,https://www.floridamuseum.ufl.edu/discover-fish/florida-fishes-gallery/backwater-darter/,Flowing freshwater,https://www.floridamuseum.ufl.edu/wp-content/uploads/sites/66/2020/02/Plate-177-2048x1334.jpg,output/images_all/florida-museum-backwater-darter-195c15bd.jpg,florida-museum-backwater-darter-195c15bd,"Etheostoma zonifer
(Hubbs and Cannon 1935)
Family Percidae
The photo above shows a male, top, and a female, bottom, backwater darter. These fish are now part of the Florida Museum ichthyology collection, UF 238410. Florida Museum photo by Zachary Randall

The backwater darter is a member of the perch and darter family. It has a slender body with a short and pointed snout and terminal mouth. The back and side of the body are yellow with green saddles, and there are wavy lines on the back with bright green bars or squares on the side. The lateral line is incomplete and anteriorly arched with between 13 and 27 pores. Backwater darters can be found in pools and backwaters of creeks and small to medium rivers. This species is found most often near vegetation and woody debris.

Status & distribution
Status — Native freshwater
Florida Distribution — Western and North Central drainages
River Drainages — the Apalachicola River
VIEW SPECIES IN COLLECTION DATABASE NEW GALLERY SEARCH
Similar Species
Swamp Darter
Cypress Darter"
Florida Museum,Eucinostomus harengulus,https://www.floridamuseum.ufl.edu/discover-fish/florida-fishes-gallery/tidewater-mojarra/,Coastal,https://www.floridamuseum.ufl.edu/wp-content/uploads/sites/66/2020/02/Plate-184-2048x887.jpg,output/images_all/florida-museum-tidewater-mojarra-2ae20ac9.jpg,florida-museum-tidewater-mojarra-2ae20ac9,"Eucinostomus harengulus
Goode and Bean 1879
Family Gerreidae
This tidewater mojarra was collected in Gulf County, Florida in 2015. It is now part of the Florida Museum ichthyology collection, UF 238040. Florida Museum photo by Zachary Randall

The tidewater mojarra is a member of the mojarra family. It has a slender fusiform body and a pointed snout. The ventral margin of the head below the mouth is concave, and this species has a protrusible and subterminal mouth with a smooth preopercle. The tidewater mojarra has a silver body that is darker dorsally with irregular bars on the back extending to the side, and there are spots along the side. The head is heavily scaled except for a scaleless pit between the eyes that’s surrounded by scales laterally and posteriorly, but is open anteriorly to the scaleless snout. The tidewater mojarra is a marine species that enters a variety of nearshore water bodies, including rivers, creeks, canals and ditches. This species is found only over sandy or muddy substrate.

Status & distribution
Status — Native freshwater
Florida Distribution — Western and North Central drainages, the Gulf Coast, South Florida and the Atlantic Coast
VIEW SPECIES IN COLLECTION DATABASE NEW GALLERY SEARCH
Similar Species
Irish Pompano"
Florida Museum,Eugerres plumieri,https://www.floridamuseum.ufl.edu/discover-fish/florida-fishes-gallery/striped-mojarra/,Coastal,https://www.floridamuseum.ufl.edu/wp-content/uploads/sites/66/2020/02/Plate-185-2048x1354.jpg,output/images_all/florida-museum-striped-mojarra-960afb73.jpg,florida-museum-striped-mojarra-960afb73,"Eugerres plumieri
(Cuvier 1830)
Family Gerreidae
This tidewater mojarra was collected in Lee County, Florida in 2015. It is now part of the Florida Museum ichthyology collection, UF 238073. Florida Museum photo by Zachary Randall

The striped mojarra is a member of the mojarra family. It has a deep rhomboidal body and pointed snout, and the ventral edge of preorbital bone and posterior edge of the preopercle are serrate. This species has large pharyngeal teeth with those furthest down the throat being molarlike. The body is silver, darker dorsally and has scales on the side that are boldly striped in brown or black. There is a second anal spine is longer than the anal fin base. The tidewater mojarra is a marine species that enters a variety of nearshore water bodies, including rivers, creeks, canals and ditches. This species is found only over sandy or muddy substrate.

Status & distribution
Status — Marine invader
Florida Distribution — the Gulf Coast, South Florida and the Atlantic Coast
VIEW SPECIES IN COLLECTION DATABASE NEW GALLERY SEARCH
Similar Species
Tidewater Mojarra
Irish Pompano"
Florida Museum,Evorthodus lyricus,https://www.floridamuseum.ufl.edu/discover-fish/florida-fishes-gallery/lyre-goby/,Coastal,https://www.floridamuseum.ufl.edu/wp-content/uploads/sites/66/2020/02/Plate-220-2048x731.jpg,output/images_all/florida-museum-lyre-goby-ccfce474.jpg,florida-museum-lyre-goby-ccfce474,"Evorthodus lyricus
(Girard 1858)
Family Gobiidae
This lyre goby was collected in Palm Beach County, Florida in 2015. It is now part of the Florida Museum ichthyology collection, UF 237938. Florida Museum photo by Zachary Randall

The lyre goby is a member of the goby family. It has a tan to brown body, and the lower side is lighter-colored. This species has a blunt snout and a distinctly subterminal mouth. There is a series of dark blotches present along the lateral midline, and there is significant dark mottling on the side with many thin, iridescent bars. There are two bold, black and squarish blotches – one over the other – separated by a cream-colored area on the caudal fin base. The dorsal fins are spotted and pelvic fins are united. The lyre goby is a marine species that inhabits muddy fresh, brackish and salt water coastal environments. It can also be found in still water, including inlets and bays, tide pools, drainage ditches and creeks.

Status & distribution
Status — Marine invader
Florida Distribution — South Florida and the Atlantic Coast
VIEW SPECIES IN COLLECTION DATABASE NEW GALLERY SEARCH
Similar Species
Freshwater Goby"
Florida Museum,Fundulus blairae,https://www.floridamuseum.ufl.edu/discover-fish/florida-fishes-gallery/western-starhead-topminnow/,Non-flowing freshwater,https://www.floridamuseum.ufl.edu/wp-content/uploads/sites/66/2020/02/Plate-101-2048x622.jpg,output/images_all/florida-museum-western-starhead-topminnow-fd43e1fa.jpg,florida-museum-western-starhead-topminnow-fd43e1fa,"Fundulus blairae
Wiley and Hall 1975
Family Fundulidae
The western starhead topminnow pictured above was collected in Escambia County, Florida in 2015. It is now part of the Florida Museum ichthyology collection, UF 237766. Florida Museum photo by Zachary Randall

The western starhead topminnow is a member of the topminnow family. It has a blue-black bar under the eye, and lacks dusky bars on the side of the body. Adults generally have a yellow-green body with rows of bright red spots on the side, and females have many dark dashes and specks between the rows of red spots. Western starhead topminnows can be found in swamps, and in quiet pools and backwaters of creeks and small rivers. They’re usually at the surface, near vegetation.

Status & distribution
Status — Native freshwater
Florida Distribution — Western and North Central drainages
River Drainages — the Perdido River and the Escambia River
VIEW SPECIES IN COLLECTION DATABASE NEW GALLERY SEARCH
Similar Species
Lined Topminnow
Russetfin Topminnow"
Florida Museum,Fundulus chrysotus,https://www.floridamuseum.ufl.edu/discover-fish/florida-fishes-gallery/golden-topminnow/,Non-flowing freshwater,https://www.floridamuseum.ufl.edu/wp-content/uploads/sites/66/2020/02/Plate-102-2048x768.jpg,output/images_all/florida-museum-golden-topminnow-0e40bea2.jpg,florida-museum-golden-topminnow-0e40bea2,"Fundulus chrysotus
(Günther 1866)
Family Fundulidae
The golden topminnow pictured above was collected in Dixie County, Florida in 2014. It is now part of the Florida Museum ichthyology collection, UF 236231. Florida Museum photo by Zachary Randall

The golden topminnow is a member of the topminnow family. It has a yellow-green body with gold flecks on the side and bright red to red-brown spots on the posterior half of the body. There are seven preopercular pores. The golden topminnow can be found in swamps, sloughs, and pools, and in the backwaters of creeks and small to medium rivers. These topminnows are usually found near vegetation.

Status & distribution
Status — Native freshwater
Florida Distribution — Western and North Central and Peninsula drainages
River Drainages — Perdido River, Escambia River, Blackwater River, Yellow River, Choctawhatchee River, Econfina Creek, Apalachicola River, Ochlockonee River, minor Gulf tributaries, Suwannee River, Withlacoochee River, Tampa Bay, the Myakka or Peace River, Lake Okeechobee, Caloosahatchee River, the Everglades, Indian River, the Tolomato or Matanzas River, St. John’s River and the St. Mary’s River
VIEW SPECIES IN COLLECTION DATABASE NEW GALLERY SEARCH
Similar Species
Banded Topminnow
Redface Topminnow"
Florida Museum,Fundulus cingulatus,https://www.floridamuseum.ufl.edu/discover-fish/florida-fishes-gallery/banded-topminnow/,Non-flowing freshwater,https://www.floridamuseum.ufl.edu/wp-content/uploads/sites/66/2020/02/Plate-103-2048x727.jpg,output/images_all/florida-museum-banded-topminnow-32c46596.jpg,florida-museum-banded-topminnow-32c46596,"Fundulus cingulatus
Valenciennes 1846
Family Fundulidae
The banded topminnow pictured above was collected in Calhoun County, Florida in 2014. It is now part of the Florida Museum ichthyology collection, UF 235493. Florida Museum photo by Zachary Randall

The banded topminnow is a member of the topminnow family. It has an olive-green body with rows of small brown to red spots, and its fins are clear to red-orange. The dorsal fin origin is over – or in front of – the anal fin origin, and there are six preopercular pores. The banded topminnow can be found in wetlands, ditches and ponds, and in the shallow backwaters of creeks and small to medium rivers. Banded topminnows are usually found near vegetation.

Status & distribution
Status — Native freshwater
Florida Distribution — Western and North Central drainages
River Drainages — Perdido River, Escambia River, Blackwater River, Yellow River, Choctawhatchee River, Econfina Creek, Apalachicola River, Ochlockonee River, minor Gulf tributaries and the Suwannee River
VIEW SPECIES IN COLLECTION DATABASE NEW GALLERY SEARCH
Similar Species
Redface Topminnow
Golden Topminnow"
Florida Museum,Fundulus confluentas,https://www.floridamuseum.ufl.edu/discover-fish/florida-fishes-gallery/marsh-killifish/,Coastal,https://www.floridamuseum.ufl.edu/wp-content/uploads/sites/66/2020/02/Plate-104-2048x763.jpg,output/images_all/florida-museum-marsh-killifish-388566f0.jpg,florida-museum-marsh-killifish-388566f0,"Fundulus confluentas
Goode and Bean 1879
Family Fundulidae
The marsh killifish pictured above was collected in Walton County, Florida in 2014. It is now part of the Florida Museum ichthyology collection, UF 187996. Florida Museum photo by Zachary Randall

The marsh killifish is a member of the topminnow family. It has an overall slender body, and females have a large ocellus at the rear of the dorsal fin. Large males are typically olive-blue and have light blue to to yellow spots on the side of the body, the dorsal, anal and caudal fins and the orange and yellow paired fins. There are typically four pores on each mandible. The marsh killifish is a marine species that enters marshes, bayous, tidal streams, creeks and small rivers. Marsh killifish are usually found in areas of dense, submerged vegetation.

Status & distribution
Status — Marine invader
Florida Distribution — Western and North Central drainages and the Gulf Coast, South Florida and the Atlantic Coast
VIEW SPECIES IN COLLECTION DATABASE NEW GALLERY SEARCH
Similar Species
Gulf Killifish"
Florida Museum,Fundulus escambiae,https://www.floridamuseum.ufl.edu/discover-fish/florida-fishes-gallery/russetfin-killifish/,Non-flowing freshwater,https://www.floridamuseum.ufl.edu/wp-content/uploads/sites/66/2020/02/Plate-105-2048x1303.jpg,output/images_all/florida-museum-russetfin-killifish-e495ee67.jpg,florida-museum-russetfin-killifish-e495ee67,"Fundulus escambiae
(Bollman 1887)
Family Fundulidae
The photo above shows a male, top, and a female, bottom, russetfin topminnow. These fish are now part of the Florida Museum ichthyology collection. Top: UF 187801 Bottom: UF 238371 Florida Museum photo by Zachary Randall

The russetfin topminnow is a member of the topminnow family. It has a blue-black bar under the eye, and males have dusky bars of nearly uniform width on the side of the body. These bars extend forward only to between the pectoral and pelvic fins, and below only to the lowest row of spots. The body is yellow-green with rows of bright red spots on the side. Females lack dark dashes and specks between the rows of red spots on the side body. The russetfin topminnow can be found in swamps, and in quiet pools and backwaters of creeks and small rivers. They’re usually found at the surface, near vegetation.

Status & distribution
Status — Native freshwater
Florida Distribution — Western and North Central drainages
River Drainages — Perdido River, Escambia River, Blackwater River, Yellow River, Choctawhatchee River, Econfina Creek, Apalachicola River, Ochlockonee River, minor Gulf tributaries and the Suwannee River
VIEW SPECIES IN COLLECTION DATABASE NEW GALLERY SEARCH
Similar Species
Western Starhead Topminnow
Lined Topminnow"
Florida Museum,Fundulus grandis,https://www.floridamuseum.ufl.edu/discover-fish/florida-fishes-gallery/gulf-killifish/,Coastal,https://www.floridamuseum.ufl.edu/wp-content/uploads/sites/66/2020/02/Plate-106-2048x1592.jpg,output/images_all/florida-museum-gulf-killifish-bad22589.jpg,florida-museum-gulf-killifish-bad22589,"Fundulus grandis
(Baird and Girard 1853)
Family Fundulidae
The photo above shows a breeding male Gulf killifish, top, and an adult Gulf killifish, bottom. These fish are now part of the Florida Museum ichthyology collection. Top: UF 237216 Bottom: UF 187946 Florida Museum photo by Zachary Randall

The Gulf killifish is a member of the topminnow family. This species has a robust body, a blunt snout and deep caudal peduncle. The body is silver-gray to blue-green on the back and upper side, and white to orange-yellow below. Gulf killifish have light blue-green to yellow spots on the side body and on the dorsal, caudal and anal fins. There are five pores on each mandible. The Gulf killifish is a marine species that lives along the coast. It’s most common in vegetated shorelines, and enters nearby bodies of fresh water.

Status & distribution
Status — Marine invader
Florida Distribution — Western and North Central drainages, the Gulf Coast, South Florida and the Atlantic Coast
VIEW SPECIES IN COLLECTION DATABASE NEW GALLERY SEARCH
Similar Species
Marsh Killifish"
Florida Museum,Fundulus lineolatus,https://www.floridamuseum.ufl.edu/discover-fish/florida-fishes-gallery/lined-topminnow/,Non-flowing freshwater,https://www.floridamuseum.ufl.edu/wp-content/uploads/sites/66/2020/02/Plate-107-2048x1228.jpg,output/images_all/florida-museum-lined-topminnow-c4b0ee3e.jpg,florida-museum-lined-topminnow-c4b0ee3e,"Fundulus lineolatus
(Agassiz 1854)
Family Fundulidae
The photo above shows a male, top, and female, bottom, lined topminnow. These fish were collected in Marion County, Florida in 2014. They are now part of the Florida Museum ichthyology collection, UF 235820. Florida Museum photo by Zachary Randall

The lined topminnow is a member of the topminnow family. It has a a small blue-black bar under the eye, and males have between 11 and 15 dark green to black bars. Females have black stripes on the side of the body. There are between 16 and 19 – although typically 16 – scales around the caudal peduncle. Lined topminnows can be found in lakes, ponds and quiet pools and backwaters of streams. They are usually at the surface, near vegetation.

Status & distribution
Status — Native freshwater
Florida Distribution — Western and North Central and Peninsula drainages
River Drainages — Ochlockonee River, minor Gulf tributaries, Suwannee River, Withlacoochee River, Tampa Bay, Lake Okeechobee, the Everglades, Indian River, the Tolomato or Matanzas River, St. John’s River and the St. Mary’s River
VIEW SPECIES IN COLLECTION DATABASE NEW GALLERY SEARCH
Similar Species
Western Starhead Topminnow
Russetfin Topminnow"
Florida Museum,Fundulus olivaceus,https://www.floridamuseum.ufl.edu/discover-fish/florida-fishes-gallery/blackspotted-topminnow/,Flowing freshwater,https://www.floridamuseum.ufl.edu/wp-content/uploads/sites/66/2020/02/Plate-109-2048x1165.jpg,output/images_all/florida-museum-blackspotted-topminnow-e8374278.jpg,florida-museum-blackspotted-topminnow-e8374278,"Fundulus olivaceus
(Storer 1845)
Family Fundulidae
The photo above shows a male, top, and female, bottom, blackspotted topminnow. These fish are now part of the Florida Museum ichthyology collection. Top: UF 237739 Bottom: UF 188269 Florida Museum photo by Zachary Randall

The blackspotted topminnow is a member of the topminnow family. It has a wide black-blue stripe along the side of the body from the snout onto the caudal fin, and many black spots on the back and upper side of the body. There is a silver-white spot on top of the head, and this species has yellow fins. Blackspotted topminnows live near the surface of sandy to gravelly pools of headwaters, creeks and small to medium rivers.

Status & distribution
Status — Native freshwater
Florida Distribution — Western and North Central drainages
River Drainages — Perdido River, Escambia River, Blackwater River, Yellow River, Choctawhatchee River, Apalachicola River and the Ochlockonee River
VIEW SPECIES IN COLLECTION DATABASE NEW GALLERY SEARCH"
Florida Museum,Fundulus rubrifrons,https://www.floridamuseum.ufl.edu/discover-fish/florida-fishes-gallery/redface-topminnow/,Non-flowing freshwater,https://www.floridamuseum.ufl.edu/wp-content/uploads/sites/66/2020/02/Plate-110-2048x738.jpg,output/images_all/florida-museum-redface-topminnow-2e84c2dd.jpg,florida-museum-redface-topminnow-2e84c2dd,"Fundulus rubrifrons
(Jordan 1880)
Family Fundulidae
The redface topminnow pictured above was collected in Marion County, Florida in 2014. It is now part of the Florida Museum ichthyology collection, UF 235494. Florida Museum photo by Zachary Randall

The redface topminnow is a member of the topminnow family. It has an olive-green body with rows of small brown to red spots on the side, and the fins are clear to red-orange. There are five preopercular pores. Redface topminnows can be found in marshes and other wetlands, ditches and ponds. They’re also common in the backwaters of sluggish creeks and small to medium rivers, and are usually found near vegetation.

Status & distribution
Status — Native freshwater
Florida Distribution — Western and North Central and Peninsula drainages
River Drainages — minor Gulf tributaries, Suwannee River, Withlacoochee River, Tampa Bay, the Myakka or Peace River, Lake Okeechobee, the Everglades, the Tolomato or Matanzas River, St. John’s River and the St. Mary’s River
VIEW SPECIES IN COLLECTION DATABASE NEW GALLERY SEARCH
Similar Species
Banded Topminnow
Golden Topminnow"
Florida Museum,Fundulus seminolis,https://www.floridamuseum.ufl.edu/discover-fish/florida-fishes-gallery/seminole-killifish/,Non-flowing freshwater,https://www.floridamuseum.ufl.edu/wp-content/uploads/sites/66/2020/02/Plate-111-2048x1493.jpg,output/images_all/florida-museum-seminole-killifish-0c1ea462.jpg,florida-museum-seminole-killifish-0c1ea462,"Fundulus seminolis
Girard 1859
Family Fundulidae
The photo above shows a male, top, and female, bottom, Seminole killifish. These fish are now part of the Florida Museum ichthyology collection. Top: UF 236298 Bottom: UF 236313 Florida Museum photo by Zachary Randall

The Seminole killifish is a member of the topminnow family. It has a copper-colored to green body, with interrupted rows of small black spots on the side of the body and clear to dusky orange fins. The body is also slender, and features a flattened head and upturned mouth. Seminole killifish can be found in lakes and quiet pools of streams. Small individuals are most often found near vegetation, and adults are more often found in open water.

Status & distribution
Status — Native freshwater
Florida Distribution — Western and North Central and Peninsula drainages
River Drainages — Econfina Creek, Apalachicola River, Ochlockonee River, minor Gulf tributaries, Suwannee River, Withlacoochee River, Tampa Bay, the Myakka or Peace River, Lake Okeechobee, Caloosahatchee River, the Everglades, Indian River, Tolomato/Matanzas River and the St. John’s River
VIEW SPECIES IN COLLECTION DATABASE NEW GALLERY SEARCH
Similar Species
Golden Topminnow
Banded Topminnow
Redface Topminnow"
Florida Museum,Fundulus similis,https://www.floridamuseum.ufl.edu/discover-fish/florida-fishes-gallery/longnose-killifish/,Coastal,https://www.floridamuseum.ufl.edu/wp-content/uploads/sites/66/2020/02/Plate-112-2048x1433.jpg,output/images_all/florida-museum-longnose-killifish-3923a9a2.jpg,florida-museum-longnose-killifish-3923a9a2,"Fundulus similis
(Baird and Girard 1853)
Family Fundulidae
The photo above shows a male, top, and female, bottom, longnose killifish. These fish are now part of the Florida Museum ichthyology collection, UF 236254. Florida Museum photo by Zachary Randall

The longnose killifish is a member of the topminnow family. It has a long, pointed snout, and a terminal mouth that is on a horizontal level lower than the eye. Both sexes are silvery with between 10 and 20 narrow black bars along the side. Breeding males have dusky to jet-black fins, a yellow snout and an ocellus at the rear of the dorsal fin. There is a light gray or yellow area in the center of the caudal fin. The longnose killifish is a marine species that enters tidally influenced canals, creeks, small rivers and roadside ditches.

Status & distribution
Status — Marine invader
Florida Distribution — Western and North Central drainages, the Gulf Coast and South Florida
VIEW SPECIES IN COLLECTION DATABASE NEW GALLERY SEARCH"
Florida Museum,Fundulus xenicus,https://www.floridamuseum.ufl.edu/discover-fish/florida-fishes-gallery/diamond-killifish/,Coastal,https://www.floridamuseum.ufl.edu/wp-content/uploads/sites/66/2020/02/Plate-113-2048x1165.jpg,output/images_all/florida-museum-diamond-killifish-dd5afb9a.jpg,florida-museum-diamond-killifish-dd5afb9a,"Fundulus xenicus
(Jordan and Gilbert 1882)
Family Fundulidae
The diamond killifish pictured above was collected in Levy County, Florida in 2015. This fish is now part of the Florida Museum ichthyology collection, UF 187970. Florida Museum photo by Zachary Randall

The diamond killifish is a member of the topminnow family. It has a short, diamond-shaped body and a pointed snout. There is a series of thin silver and thick gray bars present on the side in both sexes. Diamond killifish have an upturned mouth. This is a marine species that enters tidal creeks and ditches, and is usually found near the coast.

Status & distribution
Status — Marine invader
Florida Distribution — Western and North Central drainages, the Gulf Coast and South Florida
VIEW SPECIES IN COLLECTION DATABASE NEW GALLERY SEARCH
Similar Species
Sheepshead Minnow"
Florida Museum,Gambusia holbrooki,https://www.floridamuseum.ufl.edu/discover-fish/florida-fishes-gallery/eastern-mosquitofish/,Non-flowing freshwater,https://www.floridamuseum.ufl.edu/wp-content/uploads/sites/66/2020/02/Plate-120-1922x2048.jpg,output/images_all/florida-museum-eastern-mosquitofish-edf8e361.jpg,florida-museum-eastern-mosquitofish-edf8e361,"Gambusia holbrooki
Girard 1859
Family Poeciliidae
The photo above shows a male, top, a female, middle, and a melanistic male, bottom, eastern mosquitofish. These fish are now part of the Florida Museum ichthyology collection. Top: UF 238434 Middle: UF 235876 Bottom: UF 238435 Florida Museum photo by Zachary Randall

The eastern mosquitofish is a member of the livebearer family. This species has a flattened head, a small and strongly upturned mouth and a small dorsal fin with its origin behind the anal fin origin. The scales are olive-gray to yellowish on the back and side of the body, are darkly outlined, which produces a crosshatched appearance. There is a large, dusky to black teardrop on the dorsal and caudal fins. Eastern mosquitofish can be found in lakes, ponds, sloughs and swamps, and in backwaters and pools of streams. This species can sometimes be found in brackish water, although it is the most common freshwater fish in Florida.

Status & distribution
Status — Native freshwater
Florida Distribution — Western and North Central and Peninsula drainages
River Drainages — Perdido River, Escambia River, Blackwater River, Yellow River, Choctawhatchee River, Econfina Creek, Apalachicola River, Ochlockonee River, minor Gulf tributaries, Suwannee River, Withlacoochee River, Tampa Bay, the Myakka or Peace River, Lake Okeechobee, Caloosahatchee River, the Everglades, Indian River, the Tolomato or Matanzas River, St. John’s River and the St. Mary’s River
VIEW SPECIES IN COLLECTION DATABASE NEW GALLERY SEARCH
Similar Species
Least Killifish"
Florida Museum,Geophagus surinamensis,https://www.floridamuseum.ufl.edu/discover-fish/florida-fishes-gallery/redstriped-eartheater/,Non-flowing freshwater,https://www.floridamuseum.ufl.edu/wp-content/uploads/sites/66/2020/02/Plate-199-2048x1266.jpg,output/images_all/florida-museum-redstriped-eartheater-b96039c5.jpg,florida-museum-redstriped-eartheater-b96039c5,"Geophagus surinamensis
(Bloch 1791)
Family Cichlidae
This redstriped eartheater was collected in Miami-Dade County, Florida in 1994. This fish is now part of the Florida Museum ichthyology collection, UF 96391. Photo courtesy of Leo G. Nico, U.S Geological Survey.

The redstriped eartheater is a member of the cichlid and tilapia family. This species has a compressed, deep-bodied shape and a long snout. A steeply sloped head profile is present, and it has a highly protrusible mouth that projects downward when extended. A series of brassy stripes extends along the side from the head to the caudal fin, and there is a large black blotch located mid-laterally. This species has a prominent and flattened lobe-like expansion found on the lower limb of the first gill arch. The anal fin has three spines and the caudal fin is slightly emarginated. The redstriped eartheater can be found in canals with limestone and sand substrates and little to no current.

Status & distribution
Status — Non-indigenous freshwater
Florida Distribution — Peninsula drainages
River Drainages — the Everglades
VIEW SPECIES IN COLLECTION DATABASE NEW GALLERY SEARCH"
Florida Museum,Gobioides broussonnetii,https://www.floridamuseum.ufl.edu/discover-fish/florida-fishes-gallery/violet-goby/,Coastal,https://www.floridamuseum.ufl.edu/wp-content/uploads/sites/66/2020/02/Plate-221-2048x385.jpg,output/images_all/florida-museum-violet-goby-e03cafe2.jpg,florida-museum-violet-goby-e03cafe2,"Gobioides broussonnetii
Lacepéde 1800
Family Gobiidae
This violet goby was collected in Charlotte County, Florida. It is now part of the Florida Museum ichthyology collection, UF 238150. Florida Museum photo by Zachary Randall

The violet goby is a member of the goby family. It has an extremely elongate and eel-like body that is gray to purple-ish in color dorsally, but lighter on the lower side. There is a series of conspicuous dark chevrons that extends along the length of the body. The mouth is large and upturned, and the pelvic fins are united. The violet goby is a marine species that inhabits the mouths of large rivers, muddy bays, inlets, lagoons, estuaries and coastal creeks. This species may bury in mud.

Status & distribution
Status — Marine invader
Florida Distribution — South Florida and the Atlantic Coast
VIEW SPECIES IN COLLECTION DATABASE NEW GALLERY SEARCH"
Florida Museum,Gobiomorus dormitor,https://www.floridamuseum.ufl.edu/discover-fish/florida-fishes-gallery/bigmouth-sleeper/,Coastal,https://www.floridamuseum.ufl.edu/wp-content/uploads/sites/66/2020/02/Plate-217-2048x1393.jpg,output/images_all/florida-museum-bigmouth-sleeper-3d144671.jpg,florida-museum-bigmouth-sleeper-3d144671,"Gobiomorus dormitor
Lacepéde 1800
Family Eleotridae
The photo above shows two bigmouth sleepers collected from Southern Florida. These fish are now part of the Florida Museum ichthyology collection. Top: UF 237989 Bottom: UF 238631 Florida Museum photo by Zachary Randall

The bigmouth sleeper is a member of the sleeper family. It has an elongate, cylindrical body and a large, broad head. The dorsal profile is gently arched to the dorsal fins and then slopes down to the caudal peduncle. The mouth is large and terminal with a projecting lower jaw, and this species has large lips and a pointed snout with a projecting lower jaw. All fins are spotted. The bigmouth sleeper is a brackish and freshwater species that inhabits creeks, canals, ponds and lakes. It can often be found inland, but also in coastal areas of fresh and brackish water.

Status & distribution
Status — Marine invader
Florida Distribution — South Florida and the Atlantic Coast
VIEW SPECIES IN COLLECTION DATABASE NEW GALLERY SEARCH
Similar Species
River Goby
Freshwater Goby
Lyre Goby
Violet Goby
Naked Goby
Crested Goby
Clown Goby"
Florida Museum,Gobiosoma bosc,https://www.floridamuseum.ufl.edu/discover-fish/florida-fishes-gallery/naked-goby/,Coastal,https://www.floridamuseum.ufl.edu/wp-content/uploads/sites/66/2020/02/Plate-222-2048x768.jpg,output/images_all/florida-museum-naked-goby-c5ea0879.jpg,florida-museum-naked-goby-c5ea0879,"Gobiosoma bosc
Lacepéde 1800
Family Gobiidae
This naked goby was collected in Walton County, Florida in 2014. It is now part of the Florida Museum ichthyology collection, UF 187997. Florida Museum photo by Zachary Randall

The naked goby is a member of the goby family. This species has an elongate and stout body with between nine and eleven evenly spaced dark bars that extend to the dorsal fins. The body is yellow-green, and the head and body are unscaled. The mouth is terminal and slightly upturned, and the pelvic fins are united. The naked goby is a marine species that enters rivers, creeks, lakes and canals. This species is usually found over sandy and rocky substrates.

Status & distribution
Status — Marine invader
Florida Distribution — Western and North Central, Gulf Coast, South Florida and Atlantic Coast
VIEW SPECIES IN COLLECTION DATABASE NEW GALLERY SEARCH
Similar Species
Freshwater Goby"
Florida Museum,Hemichromis letourneuxi,https://www.floridamuseum.ufl.edu/discover-fish/florida-fishes-gallery/african-jewelfish/,Non-flowing freshwater,https://www.floridamuseum.ufl.edu/wp-content/uploads/sites/66/2020/02/Plate-200-2048x1961.jpg,output/images_all/florida-museum-african-jewelfish-573177ac.jpg,florida-museum-african-jewelfish-573177ac,"Hemichromis letourneuxi
Sauvage 1880
Family Cichlidae
The photo above shows two African jewelfish. These fish are now part of the Florida Museum ichthyology collection. Top: UF 186974 Bottom: UF 238087 Florida Museum photo by Zachary Randall

The African jewelfish is a member of the cichlid and tilapia family. It has a moderately compressed and fusiform body that is straw brown to tan in color with areas of red pigment and bright blue spotting. Breeding individuals can become almost entirely red with brilliant bright blue spots, and both sexes exhibit a large black spot on the gill cover expressed as a single black blotch located just posterior to and slightly above a mid-lateral position. The anal fin has three spines and caudal fin is rounded with a densely scaled base. African jewelfish can be found in shallow waters of ponds, creeks, canals and drainage ditches. This species is usually associated with aquatic vegetation or submerged terrestrial plants.

Status & distribution
Status — Non-indigenous freshwater
Florida Distribution — Peninsula drainages
River Drainages — Tampa Bay, the Myakka or Peace River, Lake Okeechobee, Caloosahatchee River, the Everglades and the Indian River
VIEW SPECIES IN COLLECTION DATABASE NEW GALLERY SEARCH"
Florida Museum,Herichthys cyanoguttatus,https://www.floridamuseum.ufl.edu/discover-fish/florida-fishes-gallery/rio-grande-cichlid/,Non-flowing freshwater,https://www.floridamuseum.ufl.edu/wp-content/uploads/sites/66/2020/02/Plate-201-2048x1046.jpg,output/images_all/florida-museum-rio-grande-cichlid-4bf88af7.jpg,florida-museum-rio-grande-cichlid-4bf88af7,"Herichthys cyanoguttatus
Baird and Girard 1854
Family Cichlidae
This Rio Grande cichlid was collected in Pinellas County, Florida in 1995. It is now part of the Florida Museum ichthyology collection, UF 101896. Photo courtesy of © Richard T. Bryant

The Rio Grande cichlid is a member of the cichlid and tilapia family. It is deep-bodied and compressed in shape. The head, body and median fins of adults are olivaceous to gray with numerous bright pale blue to pearly incandescent spots. Breeding males develop a nuchal hump and the anal fin has between four and six spines. The caudal fin is rounded and the basal one-third is covered with scales. The Rio Grande cichlid can be found in creeks, springs, drainage ditches, canals and lakes. This species is usually found near aquatic vegetation.

Status & distribution
Status — Non-indigenous freshwater
Florida Distribution — Peninsula drainages
River Drainages — Tampa Bay, Caloosahatchee River, Everglades and the Indian River
VIEW SPECIES IN COLLECTION DATABASE NEW GALLERY SEARCH"
Florida Museum,Heros severus,https://www.floridamuseum.ufl.edu/discover-fish/florida-fishes-gallery/banded-cichlid/,Non-flowing freshwater,https://www.floridamuseum.ufl.edu/wp-content/uploads/sites/66/2020/02/Plate-202-1515x2048.jpg,output/images_all/florida-museum-banded-cichlid-59854aa8.jpg,florida-museum-banded-cichlid-59854aa8,"Heros severus
Heckel 1840
Family Cichlidae
The photo above shows a male, top, and a female, bottom, banded cichlid. These fish were collected in Miami-Dade County, Florida in 2015 and are now part of the Florida Museum ichthyology collection, UF 237871. Florida Museum photo by Zachary Randall

The banded cichlid is a member of the cichlid and tilapia family. It has a deep-bodied and compressed shape, with a nearly rectangular body. The body color can vary but is generally gray with between five and seven dark bars on the side of the body. The stripe that extends from the dorsal fin to the anal base is often the only complete bar. The dorsal fin is light green to turquoise, and the area between the eye and snout is spotted or streaked in mauve and blue. There is a small mouth with a maxilla that doesn’t reach the eye, and the anal fin has between seven and eight spines. The scales above the upper lateral line are noticeably smaller than those below. Banded cichlids can be found in canals and lakes.

Status & distribution
Status — Non-indigenous freshwater
Florida Distribution — Peninsula drainages
River Drainages — the Everglades
VIEW SPECIES IN COLLECTION DATABASE NEW GALLERY SEARCH"
Florida Museum,Heterandria formosa,https://www.floridamuseum.ufl.edu/discover-fish/florida-fishes-gallery/least-killifish/,Non-flowing freshwater,https://www.floridamuseum.ufl.edu/wp-content/uploads/sites/66/2020/02/Plate-121-2048x1361.jpg,output/images_all/florida-museum-least-killifish-2754b239.jpg,florida-museum-least-killifish-2754b239,"Heterandria formosa
Agassiz 1855
Family Poeciliidae
The photo above shows a male, top, and female, bottom, least killifish. These fish are now part of the Florida Museum ichthyology collection, UF 238270. Florida Museum photo by Zachary Randall

The least killifish is a member of the livebearer family. This species has a flattened head, small and strongly upturned mouth, large eye and a black spot surrounded by red located anteriorly on the dorsal fin. The back and side body are are olive with a black to dusky stripe, and there is a series of black bars along the side of the body. Least killifish can be found in vegetated areas of lakes, ponds, sloughs, ditches and swamps, and in backwaters and pools of streams. The least killifish is sometimes found in brackish water.

Status & distribution
Status — Native freshwater
Florida Distribution — Western and North Central and Peninsula drainages
River Drainages — Perdido River, Escambia River, Blackwater River, Yellow River, Choctawhatchee River, Econfina Creek, Apalachicola River, Ochlockonee River, minor Gulf tributaries, Suwannee River, Withlacoochee River, Tampa Bay, the Myakka or Peace River, Lake Okeechobee, Caloosahatchee River, the Everglades, Indian River, the Tolomato or Matanzas River, St. John’s River and the St. Mary’s River
VIEW SPECIES IN COLLECTION DATABASE NEW GALLERY SEARCH
Similar Species
Eastern Mosquitofish"
Florida Museum,Heterotilapia buttikoferi,https://www.floridamuseum.ufl.edu/discover-fish/florida-fishes-gallery/hornet-tilapia/,Non-flowing freshwater,https://www.floridamuseum.ufl.edu/wp-content/uploads/sites/66/2020/02/Plate-203_2-1865x2048.jpg,output/images_all/florida-museum-hornet-tilapia-b1a002ce.jpg,florida-museum-hornet-tilapia-b1a002ce,"Heterotilapia buttikoferi
(Hubrecht 1881)
Family Cichlidae
This hornet tilapia was collected in Miami-Dade County, Florida in 2015. It is now part of the Florida Museum ichthyology collection, UF 237872. Florida Museum photo by Zachary Randall

The hornet tilapia is a member of the cichlid and tilapia family. It is deep-bodied, compressed and has between six and eight black bars on the head and body: The first bar is through the eye and the last is through the caudal fin base. This species has a pointed snout and concave dorsal head profile in large adults, and a light blue stripe beneath the eye extends to the corner of the mouth. The jaws of some large individuals can be bright blue, and the black “tilapia spot” can be found anteriorly on the base of the second dorsal fin and is most prominent in juveniles. The hornet tilapia can be found in canals and ponds.

Status & distribution
Status — Non-indigenous freshwater
Florida Distribution — Peninsula drainages
River Drainages — the Everglades
VIEW SPECIES IN COLLECTION DATABASE NEW GALLERY SEARCH
Similar Species
Sheepshead
Spotted Tilapia"
Florida Museum,Hoplosternum littorale,https://www.floridamuseum.ufl.edu/discover-fish/florida-fishes-gallery/brown-hoplo/,Non-flowing freshwater,https://www.floridamuseum.ufl.edu/wp-content/uploads/sites/66/2020/02/Plate-68-2048x1779.jpg,output/images_all/florida-museum-brown-hoplo-98cc64f9.jpg,florida-museum-brown-hoplo-98cc64f9,"Hoplosternum littorale
(Hancock 1828)
Family Callichthyidae
The photo above shows an adult, top, and juvenile, bottom, brown hoplo. These specimens are now part of the Florida Museum’s ichthyology collection. Top: UF 186988 Bottom: UF 186931 Florida Museum photo by Zachary Randall

The brown hoplo is a member of the armored catfish family, and has two rows of bony plates and an elongate, slightly compressed body. This species has a slightly subterminal mouth, brown to dark gray fins and long maxillary barbels. Brown hoplos can be found in rivers, lakes, canals, wetland prairies and ditches that have silty mud bottoms. This species is often near dense, submergent vegetation.

Status & distribution
Status — Non-indigenous freshwater
Florida Distribution — Peninsula drainages
River Drainages — Withlacoochee River, Tampa Bay, the Myakka or Peace River, Lake Okeechobee, Caloosahatchee River, the Everglades, Indian River and the St. John’s River
VIEW SPECIES IN COLLECTION DATABASE NEW GALLERY SEARCH"
Florida Museum,Hybognathus hayi,https://www.floridamuseum.ufl.edu/discover-fish/florida-fishes-gallery/cypress-minnow/,Non-flowing freshwater,https://www.floridamuseum.ufl.edu/wp-content/uploads/sites/66/2020/02/Plate-35-2048x1260.jpg,output/images_all/florida-museum-cypress-minnow-4db98391.jpg,florida-museum-cypress-minnow-4db98391,"Hybognathus hayi
Jordan 1885
Family Leuciscidae
The image above shows a live, top, and preserved, bottom, Cypress minnow. Top photo courtesy of Richard T. Bryant.

The Cypress minnow is a member of the minnow, shiner and chub family. These minnows have thinly outlined scales with a diamond-shaped appearance, and their dorsal fin originates in front of their pelvic fin origin. It has a thin, dusky and yellow-green stripe along middle of its back. The Cypress minnow is found in the backwaters and pools of streams, usually over mud and near vegetation or woody debris.

Status & distribution
Status — Native freshwater
Florida Distribution — Western and North Central drainages
River Drainages — the Escambia River
VIEW SPECIES IN COLLECTION DATABASE NEW GALLERY SEARCH
Similar Species
Blacktail Shiner"
Florida Museum,Hybopsis winchelli,https://www.floridamuseum.ufl.edu/discover-fish/florida-fishes-gallery/clear-chub/,Flowing freshwater,https://www.floridamuseum.ufl.edu/wp-content/uploads/sites/66/2020/02/Plate-36-2048x841.jpg,output/images_all/florida-museum-clear-chub-3554269e.jpg,florida-museum-clear-chub-3554269e,"Hybopsis winchelli
(Girard 1856)
Family Leuciscidae
The clear chub pictured above was collected in Escambia County, Florida in 2015. It is now part of the Florida Museum ichthyology collection, UF 237764. Florida Museum photo by Zachary Randall

The clear chub is a member of the minnow, shiner and chub family. It has a horizontally elliptical eye and a small mouth with a barbel at the corner. This species can be found in sandy runs and pools of creeks and small to medium rivers.

Status & distribution
Status — Native freshwater
Florida Distribution — Western and North Central drainages
River Drainages — Perdido River, Escambia River, Blackwater River, Yellow River, Choctawhatchee River, Econfina Creek, Apalachicola River and the Ochlockonee River
VIEW SPECIES IN COLLECTION DATABASE NEW GALLERY SEARCH
Similar Species
Longnose Shiner
Pallid Chub"
Florida Museum,Hypanus sabinus,https://www.floridamuseum.ufl.edu/discover-fish/florida-fishes-gallery/atlantic-stingray/,Coastal,https://www.floridamuseum.ufl.edu/wp-content/uploads/sites/66/2020/02/Plate-5-2048x1215.jpg,output/images_all/florida-museum-atlantic-stingray-a50000b3.jpg,florida-museum-atlantic-stingray-a50000b3,"Hypanus sabinus
(Lesueur 1824)
Family Dasyatidae
The Atlantic Stingray pictured above was collected in Florida from a Brevard County Indian River drainage in 2014. It is now a specimen in the Florida Museum ichthyology collection, UF 187940. Florida Museum photo by Zachary Randall

The Atlantic stingray is a member of the whiptail stingray family and is a flattened, rhomboid-shaped disc. It has a venomous spine with serrated tip and is a marine species that inhabits surf zones and estuaries, as well as sandy bottoms of large rivers and soft-substrate inland habitats.

Status & distribution
Status — Marine invader
Florida Distribution — Western and North Central, South Florida and Atlantic Coast
VIEW SPECIES IN COLLECTION DATABASE NEW GALLERY SEARCH
Similar Species
The bluntnose stingray, Hypanus say"
Florida Museum,Hypostomus plecostomus,https://www.floridamuseum.ufl.edu/discover-fish/florida-fishes-gallery/suckermouth-catfish/,Flowing freshwater,https://www.floridamuseum.ufl.edu/wp-content/uploads/sites/66/2020/02/Plate-69-2048x949.jpg,output/images_all/florida-museum-suckermouth-catfish-63309eaa.jpg,florida-museum-suckermouth-catfish-63309eaa,"Hypostomus plecostomus
(Linnaeus 1758)
Family Loricariidae
The suckermouth catfish pictured above was collected in Miami-Dade County, Florida in 2015. It is now part of the Florida Museum ichthyology collection, UF 237988. Florida Museum photo by Zachary Randall

The suckermouth catfish is a member of the suckermouth armored catfish family. It has a strongly arched body and a very large dorsal fin with one spine and seven branched rays. This species has a large, suctorial mouth and is found in canals, creeks and lakes.

Status & distribution
Status — Non-indigenous freshwater
Florida Distribution — Peninsula drainages
River Drainages — Tampa Bay and the Everglades
VIEW SPECIES IN COLLECTION DATABASE NEW GALLERY SEARCH
Similar Species
Sailfin Catfishes"
Florida Museum,Ichthyomyzon gagei,https://www.floridamuseum.ufl.edu/discover-fish/florida-fishes-gallery/southern-brook-lamprey/,Flowing freshwater,https://www.floridamuseum.ufl.edu/wp-content/uploads/sites/66/2020/02/Plate-1-2048x652.jpg,output/images_all/florida-museum-southern-brook-lamprey-e2146783.jpg,florida-museum-southern-brook-lamprey-e2146783,"Ichthyomyzon gagei
Hubbs and Trautman 1937
Family Petromyzontidae
These Southern Brook Lampreys were collected from the Escambia River drainage in Central Florida. This specimen belongs to the Florida Museum ichthyology collection. Top: UF 237654 Bottom: UF 175180. Florida Museum photo by Zachary Randall

The Southern Brook Lamprey is a member of the lamprey family, and has an eel-like body and one slightly notched dorsal fin. This lamprey lives in gravel-and-sand bottomed riffles and runs of creeks and small rivers. The larvae live near sand bars and debris in flowing pools.

The Southern Brook Lamprey’s oral disc, left, and ammocoete oral hood, right. Florida Museum photo by Zachary Randall
Status & distribution
Status — Native freshwater
Florida Distribution — Western and North Central Florida drainages
River Drainages — Perdido River, Escambia River, Blackwater River, Yellow River, Choctawhatchee River, Econfina Creek, Apalachicola River and Ochlocknee River.
VIEW SPECIES IN COLLECTION DATABASE NEW GALLERY SEARCH
Similar Species
Sea Lamprey"
Florida Museum,Ictalurus furcatus,https://www.floridamuseum.ufl.edu/discover-fish/florida-fishes-gallery/blue-catfish/,Flowing freshwater,https://www.floridamuseum.ufl.edu/wp-content/uploads/sites/66/2020/02/Plate-81-2048x919.jpg,output/images_all/florida-museum-blue-catfish-86dc5126.jpg,florida-museum-blue-catfish-86dc5126,"Ictalurus furcatus
(Lesueur 1840)
Family Ictaluridae
The blue catfish pictured above was collected in Gulf County, Florida. It is now part of the Florida Museum ichthyology collection, UF 238203. Florida Museum photo by Zachary Randall.

The blue catfish is a member of the North American catfish family. It has no black spots on the body and a straight-edged anal fin that is situated deeper anteriorly rather than posteriorly, and that has between 30 and 35 rays. Blue catfish can be found in lakes, impoundments and the main channels and backwaters of medium to large rivers.

Status & distribution
Status — Non-indigenous freshwater
Florida Distribution — Western and North Central drainages
River Drainages — the Apalachicola River and the Suwannee River
VIEW SPECIES IN COLLECTION DATABASE NEW GALLERY SEARCH
Similar Species
Channel Catfish"
Florida Museum,Ictalurus punctatus,https://www.floridamuseum.ufl.edu/discover-fish/florida-fishes-gallery/channel-catfish/,Flowing freshwater,https://www.floridamuseum.ufl.edu/wp-content/uploads/sites/66/2020/02/Plate-82-2048x1427.jpg,output/images_all/florida-museum-channel-catfish-7872d753.jpg,florida-museum-channel-catfish-7872d753,"Ictalurus punctatus
(Rafinesque 1818)
Family Ictaluridae
The photo above shows an adult, top, and juvenile, bottom, channel catfish. These fish are now part of the Florida Museum ichthyology collection. Top: UF 238401 Bottom: UF 238039 Florida Museum photo by Zachary Randall

The channel catfish is a member of the North American catfish family. It has scattered black spots and a rounded anal fin with between 24 and 32 rays. Channel catfish can be found in lakes and rocky and sandy pools and runs of small to large rivers.

Status & distribution
Status — Native freshwater
Florida Distribution — Western and North Central and Peninsula drainages
River Drainages — Perdido River, Escambia River, Blackwater River, Yellow River, Choctawhatchee River, Econfina Creek, Apalachicola River, Ochlockonee River, minor Gulf tributaries, Suwannee River, Tampa Bay, the Myakka or Peace River, the Everglades, St. John’s River and the St. Mary’s River
VIEW SPECIES IN COLLECTION DATABASE NEW GALLERY SEARCH
Similar Species
Blue Catfish"
Florida Museum,Jordanella floridae,https://www.floridamuseum.ufl.edu/discover-fish/florida-fishes-gallery/flagfish/,Non-flowing freshwater,https://www.floridamuseum.ufl.edu/wp-content/uploads/sites/66/2020/02/Plate-118-1953x2048.jpg,output/images_all/florida-museum-flagfish-5782965e.jpg,florida-museum-flagfish-5782965e,"Jordanella floridae
Goode and Bean 1879
Family Cyprinodontidae
The photo above shows a male, top, and a female, bottom, flagfish. These fish are now part of the Florida Museum ichthyology collection. Top: UF 236678 Bottom: UF 238406 Florida Museum photo by Zachary Randall

The flagfish is a member of the pupfish family. It has a large and conspicuous black spot, alternating white and red-orange lines and silver-gold flecks on the side of the body. The fins are clear to yellow. Flagfish have a chubby body, deep caudal peduncle and a large dorsal fin with between 14 and 18 rays. Flagfish can be found in vegetated sloughs, ponds and lakes, and in pools of creeks and small rivers. Flagfish are sometimes found in brackish water

Status & distribution
Status — Native freshwater
Florida Distribution — Western and North Central and Peninsula drainages
River Drainages — Ochlockonee River, minor Gulf tributaries, Suwannee River, Withlacoochee River, Tampa Bay, the Myakka or Peace River, Lake Okeechobee, Caloosahatchee River, the Everglades, Indian River and the St. John’s River
VIEW SPECIES IN COLLECTION DATABASE NEW GALLERY SEARCH
Similar Species
Sheepshead Minnow"
Florida Museum,Kryptolebias marmoratus,https://www.floridamuseum.ufl.edu/discover-fish/florida-fishes-gallery/mangrove-rivulus/,Coastal,https://www.floridamuseum.ufl.edu/wp-content/uploads/sites/66/2020/02/Plate-100-2048x711.jpg,output/images_all/florida-museum-mangrove-rivulus-46ceffb3.jpg,florida-museum-mangrove-rivulus-46ceffb3,"Kryptolebias marmoratus
(Poey 1880)
Family Cynolebiidae
The mangrove rivulus pictured above was collected in Brevard County, Florida in 2016. It is now part of the Florida Museum ichthyology collection, UF 238206. Florida Museum photo by Zachary Randall

The mangrove rivulus is a member of the family of New World rivulines. The mangrove rivulus has an ocellus comprising a cream-colored ring, and a black center is present at the upper caudal fin base – except in males. This species has tubular nostrils and no lateral line. The single dorsal fin is placed far back on the body, above the last few rays of the anal fin. The mangrove rivulus is a marine species that occasionally inhabits freshwater ditches and canals, and is usually found on mud in mangrove swamps and other brackish-water environments.

Status & distribution
Status — Marine invader
Florida Distribution — Gulf Coast; South Florida; Atlantic Coast
VIEW SPECIES IN COLLECTION DATABASE NEW GALLERY SEARCH
Similar Species
Eastern Mudminnow"
Florida Museum,Labidesthes vanhyningi,https://www.floridamuseum.ufl.edu/discover-fish/florida-fishes-gallery/golden-silverside/,Non-flowing freshwater,https://www.floridamuseum.ufl.edu/wp-content/uploads/sites/66/2020/02/Plate-94-2048x563.jpg,output/images_all/florida-museum-golden-silverside-0062e5e2.jpg,florida-museum-golden-silverside-0062e5e2,"Labidesthes vanhyningi
Bean and Reid 1930
Family Atherinopsidae
The golden silverside in the photo above was collected in Hillsborough County, Florida in 2014. It is now part of the Florida Museum ichthyology collection, UF 236204. Florida Museum photo by Zachary Randall

The golden silverside is a member of the New World silverside family. This species has a long, beaklike snout. The first dorsal fin originates slightly in front of the anal fin origin, and large males have a red snout and a bright yellow-green body. Golden silversides can live near the surface in lakes, ponds and quiet pools of creeks and small to large rivers. They’re usually found in open waterways, away from vegetation.

Status & distribution
Status — Native freshwater
Florida Distribution — Western and North Central and Peninsula drainages
River Drainages — Perdido River, Escambia River, Blackwater River, Yellow River, Choctawhatchee River, Econfina Creek, Apalachicola River, Ochlockonee River, minor Gulf tributaries, Suwannee River, Withlacoochee River, Tampa Bay, the Myakka or Peace River, Lake Okeechobee, Caloosahatchee River, the Everglades, Indian River, St. John’s River and the St. Mary’s River
VIEW SPECIES IN COLLECTION DATABASE NEW GALLERY SEARCH
Similar Species
Inland Silverside"
Florida Museum,Lagodon rhomboides,https://www.floridamuseum.ufl.edu/discover-fish/florida-fishes-gallery/pinfish/,Coastal,https://www.floridamuseum.ufl.edu/wp-content/uploads/sites/66/2020/02/Plate-187-2048x1210.jpg,output/images_all/florida-museum-pinfish-0559c6b8.jpg,florida-museum-pinfish-0559c6b8,"Lagodon rhomboides
(Linnaeus 1766)
Family Sparidae
This pinfish was collected in Volusia County, Florida in 2014. It is now part of the Florida Museum ichthyology collection, UF 187924. Florida Museum photo by Zachary Randall

The pinfish is a member of the porgy family. It has a laterally compressed oval body, a steeply sloped dorsal head profile and a moderately large eye shape. There is a large humeral spot bisected by the lateral line, and a median brassy-yellow band is present in the anal fin. There are six broad dark bars, the first passing through the humeral spot and the last on the caudal penduncle. The pinfish is a marine species that enters tidally influenced rivers, nearshore ditches, canals and lakes.

Status & distribution
Status — Marine invader
Florida Distribution — Western and North Central drainages, Gulf Coast, South Florida and the Atlantic Coast
VIEW SPECIES IN COLLECTION DATABASE NEW GALLERY SEARCH"
Florida Museum,Leiostomus xanthurus,https://www.floridamuseum.ufl.edu/discover-fish/florida-fishes-gallery/spot/,Coastal,https://www.floridamuseum.ufl.edu/wp-content/uploads/sites/66/2020/02/Plate-190-2048x905.jpg,output/images_all/florida-museum-spot-a94958ab.jpg,florida-museum-spot-a94958ab,"Leiostomus xanthurus
(Lacepéde 1802)
Family Sciaenidae
This spot was collected in Volusia County, Florida in 2015. It is now part of the Florida Museum ichthyology collection, UF 237916. Florida Museum photo by Zachary Randall

The spot is a member of the drum and croaker family. It has a short, compressed body with a blunt snout, rounded dorsal profile and nearly ventral profile. This species has a moderately large and subterminal mouth, and the teeth in the jaws are small and villiform. There are no barbels on the chin, and the preopercle is smooth or nearly so. The silvery body has between eleven and fifteen slightly oblique bars along the side. There is a single large humeral spot found near the upper gill cover edge, and the pectoral and pelvic fins are dusky yellow. The spot is a marine species that enters nearshore water bodies including rivers, creeks, canals and ditches. This species is only found over sandy or muddy substrate.

Status & distribution
Status — Marine invader
Florida Distribution — Western and North Central drainages, the Gulf Coast, South Florida and the Atlantic Coast
VIEW SPECIES IN COLLECTION DATABASE NEW GALLERY SEARCH
Similar Species
Atlantic Croaker"
Florida Museum,Lepisosteus oculatus,https://www.floridamuseum.ufl.edu/discover-fish/florida-fishes-gallery/spotted-gar/,Non-flowing freshwater,https://www.floridamuseum.ufl.edu/wp-content/uploads/sites/66/2020/02/Plate-11-2048x750.jpg,output/images_all/florida-museum-spotted-gar-a9993cf5.jpg,florida-museum-spotted-gar-a9993cf5,"Lepisosteus oculatus
Winchell 1864
Family Lepisosteidae
The two spotted gars pictured above were both collected in Florida, and are now specimens in the Florida Museum ichthyology collection. Top: UF 238441 Bottom: UF 187802 Florida Museum photo by Zachary Randall

The spotted gar has a moderately long snout and bony plates on underside of its throat. It can be found in swamps, bayous, lakes and in the sluggish pools and backwaters of large rivers. It is rarely found in brackish or salt water, and is a member of the gar family.

Status & distribution
Status — Native freshwater
Florida Distribution — Western and North Central drainages
River Drainages — Escambia River, Yellow River, Choctawhatchee River and Econfina Creek
VIEW SPECIES IN COLLECTION DATABASE NEW GALLERY SEARCH
Similar Species
Florida Gar"
Florida Museum,Lepisosteus osseus,https://www.floridamuseum.ufl.edu/discover-fish/florida-fishes-gallery/longnose-gar/,Non-flowing freshwater,https://www.floridamuseum.ufl.edu/wp-content/uploads/sites/66/2020/02/Plate-12-2048x982.jpg,output/images_all/florida-museum-longnose-gar-a8db7b3c.jpg,florida-museum-longnose-gar-a8db7b3c,"Lepisosteus osseus
(Linnaeus 1758)
Family Lepisosteidae
From top to bottom, the longnose gars pictured above were collected in Florida from the Apalachicola River, the St. John’s River drainage and the Santa Fe river drainage. They are now specimens in the Florida Museum’s ichthyology collection. Top: UF 238442 Middle: UF 238405 Bottom: UF 187762 Florida Museum photo by Zachary Randall

The longnose gar has a long, narrow snout that is more than twice as long as the rest of the head in adults. It can be found in lakes and the sluggish pools and backwaters of small to large rivers. It is usually found near woody debris or vegetation, and occasionally enters brackish waters. The longnose gar is a member of the gar family.

Status & distribution
Status — Native freshwater
Florida Distribution — Western and North Central and Peninsula drainages
River Drainages — Perdido River, Escambia River, Yellow River, Choctawhatchee River, Econfina Creek, Apalachicola River, Ochlockonee River, minor Gulf tributaries, Suwannee River, Tampa Bay, the Myakka or Peace River, Lake Okeechobee, Caloosahatchee River, the Everglades and the St. John’s River
VIEW SPECIES IN COLLECTION DATABASE NEW GALLERY SEARCH
Similar Species
Florida Gar"
Florida Museum,Lepisosteus platyrhincus,https://www.floridamuseum.ufl.edu/discover-fish/florida-fishes-gallery/florida-gar/,Non-flowing freshwater,https://www.floridamuseum.ufl.edu/wp-content/uploads/sites/66/2020/02/Plate-13-2048x438.jpg,output/images_all/florida-museum-florida-gar-c604f370.jpg,florida-museum-florida-gar-c604f370,"Lepisosteus platyrhincus
DeKay 1842
Family Lepisosteidae
The Florida gar pictured above was collected in 2016 in Brevard County, Florida. It is now part of the Florida Museum ichthyology collection, UF 190876. Florida Museum photo by Zachary Randall

The Florida gar has a moderately long snout, and there are no bony plates on the underside of the throat. It can be found in lakes and pools of lowland streams, and is usually found near woody debris or vegetation. The Florida gar occasionally enters brackish waters, and is a member of the gar family.

Status & distribution
Status — Native freshwater
Florida Distribution — Western and North Central and Peninsula drainages
River Drainages — Ochlockonee River, minor Gulf tributaries, Suwannee River, Withlacoochee River, Tampa Bay, the Myakka or Peace River, Lake Okeechobee, Caloosahatchee River, the Everglades, Indian River, St. John’s River and St. Mary’s River
VIEW SPECIES IN COLLECTION DATABASE NEW GALLERY SEARCH
Similar Species
Longnose Gar
Spotted Gar"
Florida Museum,Lepomis auritus,https://www.floridamuseum.ufl.edu/discover-fish/florida-fishes-gallery/redbreast-sunfish/,Non-flowing freshwater,https://www.floridamuseum.ufl.edu/wp-content/uploads/sites/66/2020/02/Plate-142_2-1456x2048.jpg,output/images_all/florida-museum-redbreast-sunfish-9a68f3f4.jpg,florida-museum-redbreast-sunfish-9a68f3f4,"Lepomis auritus
(Linnaeus 1758)
Family Centrarchidae
The photo above shows a breeding male, top, an adult, middle, and a juvenile redbreast sunfish. These fish are now part of the Florida Museum ichthyology collection. Top: UF 238401 Middle: UF 236248 Bottom: UF 238059 Florida Museum photo by Zachary Randall

The redbreast sunfish is a member of the sunfish family. This species has a long, narrow black ear flap without a white posterior margin, and wavy blue lines on the cheek and gill cover. The fins are clear to dusky orange, and there is a large mouth with the upper jaw extending under the front of the eye. Large males have a bright red-orange breast and belly. Redbreast sunfish can be found in pools and creeks of small to medium rivers and vegetated lakes.

Status & distribution
Status — Native freshwater
Florida Distribution — Western and North Central and Peninsula drainages
River Drainages — Perdido River, Escambia River, Blackwater River, Yellow River, Choctawhatchee River, Econfina Creek, Apalachicola River, Ochlockonee River, minor Gulf tributaries, Suwannee River, Withlacoochee River, Tampa Bay, Lake Okeechobee, Indian River, the Tolomato or Matanzas River, St. John’s River and the St. Mary’s River
VIEW SPECIES IN COLLECTION DATABASE NEW GALLERY SEARCH
Similar Species
Dollar Sunfish
Longear Sunfish"
Florida Museum,Lepomis cyanellus,https://www.floridamuseum.ufl.edu/discover-fish/florida-fishes-gallery/green-sunfish/,Non-flowing freshwater,https://www.floridamuseum.ufl.edu/wp-content/uploads/sites/66/2020/02/Plate-143-2048x1111.jpg,output/images_all/florida-museum-green-sunfish-7c0ee9ce.jpg,florida-museum-green-sunfish-7c0ee9ce,"Lepomis cyanellus
Rafinesque 1819
Family Centrarchidae
The green sunfish pictured above was collected in Marion, Alabama in 2015. It is now part of the Florida Museum ichthyology collection, UF 238409. Florida Museum photo by Zachary Randall

The green sunfish is a member of the sunfish family. This species has a large black spot at the posterior end of the second dorsal fin base and another on the anal fin base. The dorsal, caudal and anal fins have yellow or orange margins. Green sunfish have a  large mouth, with the upper jaw extending under the pupil of the eye. Green sunfish can be found in lakes, ponds, pools and backwaters of streams. They are most often found near vegetation or woody debris.

Status & distribution
Status — Non-indigenous freshwater
Florida Distribution — Western and North Central drainages
River Drainages — Perdido River, Escambia River, Blackwater River, Yellow River, Choctawhatchee River, Apalachicola River, Ochlockonee River and the Suwannee River
VIEW SPECIES IN COLLECTION DATABASE NEW GALLERY SEARCH
Similar Species
Bluegill"
Florida Museum,Lepomis gulosus,https://www.floridamuseum.ufl.edu/discover-fish/florida-fishes-gallery/warmouth/,Non-flowing freshwater,https://www.floridamuseum.ufl.edu/wp-content/uploads/sites/66/2020/02/Plate-144-1859x2048.jpg,output/images_all/florida-museum-warmouth-c687ddfb.jpg,florida-museum-warmouth-c687ddfb,"Lepomis gulosus
(Cuvier 1829)
Family Centrarchidae
The photo above shows a breeding male, top, and a juvenile, bottom, warmouth. These fish are now part of the Florida Museum ichthyology collection. Top: UF 235889 Bottom: UF 238485 Florida Museum photo by Zachary Randall

The warmouth is a member of the sunfish family. It has a relatively thick body compared to other sunfishes, and dark brown to red lines radiate posteriorly from the often red eye. This species has a large mouth with upper jaw that extends beyond pupil of eye. Warmouths can be found in lakes, ponds, swamps and pools of creeks and small to large rivers. These fish are usually found near vegetation or woody debris.

Status & distribution
Status — Native freshwater
Florida Distribution — Western and North Central and Peninsula drainages
River Drainages — Perdido River, Escambia River, Blackwater River, Yellow River, Choctawhatchee River, Econfina Creek, Apalachicola River, Ochlockonee River, minor Gulf tributaries, Suwannee River, Withlacoochee River, Tampa Bay, the Myakka or Peace River, Lake Okeechobee, Caloosahatchee River, the Everglades, Indian River, the Tolomato or Matanzas River, St. John’s River and the St. Mary’s River
VIEW SPECIES IN COLLECTION DATABASE NEW GALLERY SEARCH
Similar Species
Green Sunfish
Shadow Bass"
Florida Museum,Lepomis humilis,https://www.floridamuseum.ufl.edu/discover-fish/florida-fishes-gallery/orangespotted-sunfish/,Flowing freshwater,https://www.floridamuseum.ufl.edu/wp-content/uploads/sites/66/2020/02/Plate-145-2048x1191.jpg,output/images_all/florida-museum-orangespotted-sunfish-60efad0e.jpg,florida-museum-orangespotted-sunfish-60efad0e,"Lepomis humilis
(Girard 1858)
Family Centrarchidae
The orangespotted sunfish pictured above was collected in Alexander County, Illinois. Photo courtesy of Uland Thomas

The orangespotted sunfish is a member of the sunfish family. It has discrete spots on the side body that are bright orange in males and red brown on females. The side body is silver-blue and the ear flap in adults is black with a wide white margin. Orangespotted sunfish can be found in pools of creeks and small to large rivers.

Status & distribution
Status — Non-indigenous freshwater
Florida Distribution — Western and North Central drainages
River Drainages — Escambia River and the Apalachicola River
VIEW SPECIES IN COLLECTION DATABASE NEW GALLERY SEARCH"
Florida Museum,Lepomis macrochirus,https://www.floridamuseum.ufl.edu/discover-fish/florida-fishes-gallery/bluegill/,Non-flowing freshwater,https://www.floridamuseum.ufl.edu/wp-content/uploads/sites/66/2020/02/Plate-147-1602x2048.jpg,output/images_all/florida-museum-bluegill-f6694e2e.jpg,florida-museum-bluegill-f6694e2e,"Lepomis macrochirus
Rafinesque 1819
Family Centrarchidae
The photo above shows two breeding male bluegills. These fish are now part of the Florida Museum ichthyology collection. Top: UF 238033 Bottom: 238035 Florida Museum photo by Zachary Randall

The bluegill is a member of the sunfish family. It has dark bars, thin and chainlike on small individuals, on a light olive to silver-blue, deep and compressed body. There is a large black spot near the posterior end of the dorsal fin base, and there is often a dusky spot near the posterior end of the anal fin base. This species has a small mouth with an upper jaw that does not extend under the pupil of the eye. The pectoral fin is long and pointed. Bluegills can be found in pools of creeks and in small to large rivers, lakes and ponds

The photo above shows an adult, top, and a juvenile, bottom, bluegill. These fish are now part of the Florida Museum ichthyology collection. Top: UF 236249 Bottom: UF 235557 Florida Museum photo by Zachary Randall
Status & distribution
Status — Native freshwater
Florida Distribution — Western and North Central and Peninsula drainages
River Drainages — Perdido River, Escambia River, Blackwater River, Yellow River, Choctawhatchee River, Econfina Creek, Apalachicola River, Ochlockonee River, minor Gulf tributaries, Suwannee River, Withlacoochee River, Tampa Bay, the Myakka or Peace River, Lake Okeechobee, Caloosahatchee River, the Everglades, Indian River, the Tolomato or Matanzas River, St. John’s River and the St. Mary’s River
VIEW SPECIES IN COLLECTION DATABASE NEW GALLERY SEARCH
Similar Species
Redear Sunfish"
Florida Museum,Lepomis marginatus,https://www.floridamuseum.ufl.edu/discover-fish/florida-fishes-gallery/dollar-sunfish/,Non-flowing freshwater,https://www.floridamuseum.ufl.edu/wp-content/uploads/sites/66/2020/02/Plate-148_2-1704x2048.jpg,output/images_all/florida-museum-dollar-sunfish-7151eabc.jpg,florida-museum-dollar-sunfish-7151eabc,"Lepomis marginatus
(Holbrook 1855)
Family Centrarchidae
The photo above shows an adult, top, and a juvenile, bottom, dollar sunfish. These fish are now part of the Florida Museum ichthyology collection, UF 237620. Florida Museum photo by Zachary Randall

The dollar sunfish is a member of the sunfish family. This species has a white margin around an upwardly slanted black ear flap, wavy blue lines on the cheek and gill cover and a red streak along the lateral line. There are chainlike bars on the side of the body, and this species has three anal spines and typically 12 pectoral rays. Large males are bright red with bright blue-green marbling and spots on the body, with the upper jaw extending under the front of the eye. Dollar sunfish can be found in pools of creeks and small to medium rivers, and can live in swamps or near vegetation and woody debris.

Status & distribution
Status — Native freshwater
Florida Distribution — Western and North Central and Peninsula drainages
River Drainages — Perdido River, Escambia River, Blackwater River, Yellow River, Choctawhatchee River, Econfina Creek, Apalachicola River, Ochlockonee River, minor Gulf tributaries, Suwannee River, Withlacoochee River, Tampa Bay, the Myakka or Peace River, Lake Okeechobee, Caloosahatchee River, the Everglades, Indian River, the Tolomato or Matanzas River, St. John’s River and the St. Mary’s River
VIEW SPECIES IN COLLECTION DATABASE NEW GALLERY SEARCH
Similar Species
Longear Sunfish
Redbreast Sunfish"
Florida Museum,Lepomis megalotis,https://www.floridamuseum.ufl.edu/discover-fish/florida-fishes-gallery/longear-sunfish/,Flowing freshwater,https://www.floridamuseum.ufl.edu/wp-content/uploads/sites/66/2020/02/Plate-149-1931x2048.jpg,output/images_all/florida-museum-longear-sunfish-8532cb5b.jpg,florida-museum-longear-sunfish-8532cb5b,"Lepomis megalotis
(Rafinesque 1820)
Family Centrarchidae
The photo above shows an adult, top, and juvenile, bottom, longear sunfish. These fish are now part of the Florida Museum ichthyology collection. Top: UF 237761 Bottom: UF 187726 Florida Museum photo by Zachary Randall

The longear sunfish is part of the sunfish family. It has a white margin around a long black ear flap and wavy blue lines on the cheek and gill cover. Breeding males have an orange and blue body, a red eye and orange to red dorsal, caudal and anal fins. This species has a short and rounded pectoral fin. Longear sunfish can be found in pools and runs of headwaters, creeks and small to medium rivers, and are most often found near vegetation or woody debris.

Status & distribution
Status — Native freshwater
Florida Distribution — Western and North Central drainages
River Drainages — Perdido River, Escambia River, Blackwater River, Yellow River, Chochtawhatchee River, Econfina Creek and the Apalachicola River
VIEW SPECIES IN COLLECTION DATABASE NEW GALLERY SEARCH
Similar Species
Redbreast Sunfish
Dollar Sunfish"
Florida Museum,Lepomis microlophus,https://www.floridamuseum.ufl.edu/discover-fish/florida-fishes-gallery/redear-sunfish/,Non-flowing freshwater,https://www.floridamuseum.ufl.edu/wp-content/uploads/sites/66/2020/02/Plate-150_2-1834x2048.jpg,output/images_all/florida-museum-redear-sunfish-eb6a4a37.jpg,florida-museum-redear-sunfish-eb6a4a37,"Lepomis microlophus
(Günther 1859)
Family Centrarchidae
The photo above shows an adult, top, and a juvenile, bottom, redear sunfish. These fish are now part of the Florida Museum ichthyology collection. Top: UF 237829 Bottom: UF 236247 Florida Museum photo by Zachary Randall

The redear sunfish is a member of the sunfish family. It has a deep and compressed silver-green body with dark gray bars on the side and a bright red margin on the black ear flap. This species has a long and pointed pectoral fin that extends long past the eye when bent forward. Redear sunfish can be found in swamps, lakes, pond and pools of small to medium rivers.

Status & distribution
Status — Native freshwater
Florida Distribution — Western and North Central and Peninsula drainages
River Drainages — Perdido River, Escambia River, Blackwater River, Yellow River, Choctawhatchee River, Econfina Creek, Apalachicola River, Ochlockonee River, minor Gulf tributaries, Suwannee River, Withlacoochee River, Tampa Bay, the Myakka or Peace River, Lake Okeechobee, Caloosahatchee River, the Everglades, Indian River, St. John’s River and the St. Mary’s River
VIEW SPECIES IN COLLECTION DATABASE NEW GALLERY SEARCH
Similar Species
Longear Sunfish
Dollar Sunfish"
Florida Museum,Lepomis punctatus,https://www.floridamuseum.ufl.edu/discover-fish/florida-fishes-gallery/spotted-sunfish/,Non-flowing freshwater,https://www.floridamuseum.ufl.edu/wp-content/uploads/sites/66/2020/02/Plate-151-1456x2048.jpg,output/images_all/florida-museum-spotted-sunfish-46ce5da8.jpg,florida-museum-spotted-sunfish-46ce5da8,"Lepomis punctatus
(Valenciennes 1831)
Family Centrarchidae
The photo above shows a breeding male, top, and adult, middle, and a juvenile, bottom, spotted sunfish. These fish are now part of the Florida Museum ichthyology collection. Top: UF 235874 Middle: UF 235823 Bottom: UF 238516 Florida Museum photo by Zachary Randall

The spotted sunfish is a member of the sunfish family. It is dark olive on the back and upper side with small black spots on the side of the head. There are rows of black or brown spots on the side of the body, and there is a short and rounded pectoral fin that does not reach past the eye when bent forward. Spotted sunfish can be found in pools of creeks and small to large rivers, ponds, swamps and lakes.

The photo above shows two adult spotted sunfish and a juvenile, bottom. These fish are now part of the Florida Museum ichthyology collection. Top: UF 237177 Middle: UF 238020 Bottom: UF 237640 Florida Museum photo by Zachary Randall
Status & distribution
Status — Native freshwater
Florida Distribution — Western and North Central and Peninsula drainages
River Drainages — Perdido River, Escambia River, Blackwater River, Yellow River, Choctawhatchee River, Econfina Creek, Apalachicola River, Ochlockonee River, minor Gulf tributaries, Suwannee River, Withlacoochee River, Tampa Bay, the Myakka or Peace River, Lake Okeechobee, Caloosahatchee River, the Everglades, Indian River, the Tolomato or Matanzas River, St. John’s River, St. Mary’s River
VIEW SPECIES IN COLLECTION DATABASE NEW GALLERY SEARCH"
Florida Museum,Leptolucania ommata,https://www.floridamuseum.ufl.edu/discover-fish/florida-fishes-gallery/pygmy-killifish/,Non-flowing freshwater,https://www.floridamuseum.ufl.edu/wp-content/uploads/sites/66/2020/02/Plate-114-2048x1215.jpg,output/images_all/florida-museum-pygmy-killifish-dff62b27.jpg,florida-museum-pygmy-killifish-dff62b27,"Leptolucania ommata
(Jordan 1884)
Family Fundulidae
The photo above shows a male, top, and female, bottom, pygmy killifish. These fish are now part of the Florida Museum ichthyology collection, UF 236757. Florida Museum photo by Zachary Randall

The pygmy killifish is a member of the topminnow family. This species has a yellow halo around a large black spot on the caudal peduncle, and a dusky stripe through the eye and across the lower jaw. Males have between five and eight faint bars on the posterior half of the side, and females have a dusky brown stripe along the side along with a black spot on the midside. Pygmy killifish can be found in vegetated sloughs, swamps and ditches, and in pools of creeks and small rivers.

Status & distribution
Status — Native freshwater
Florida Distribution — Western and North Central and Peninsula drainages
River Drainages — Perdido River, Escambia River, Blackwater River, Yellow River, Choctawhatchee River, Econfina Creek, Apalachicola River, Ochlockonee River, minor Gulf tributaries, Suwannee River, Withlacoochee River, Lake Okeechobee, Indian River, the Tolomato or Matanzas River, St. John’s River and the St. Mary’s River
VIEW SPECIES IN COLLECTION DATABASE NEW GALLERY SEARCH"
Florida Museum,Lophogobius cyprinoides,https://www.floridamuseum.ufl.edu/discover-fish/florida-fishes-gallery/crested-goby/,Coastal,https://www.floridamuseum.ufl.edu/wp-content/uploads/sites/66/2020/02/Plate-223-2048x834.jpg,output/images_all/florida-museum-crested-goby-20204933.jpg,florida-museum-crested-goby-20204933,"Lophogobius cyprinoides
(Pallas 1770)
Family Gobiidae
This crested goby was collected in Lee County, Florida in 2015. It is now part of the Florida Museum ichthyology collection, UF 238079. Florida Museum photo by Zachary Randall

The crested goby is a member of the goby family. It can have a brown, dark gray or black body, and is the only goby in Florida with a fleshy crest on its head. The pelvic fins are united and the caudal fin is rounded. Breeding males are darker than females with prominent orange blotches on the rear of the first dorsal fin. The crested goby is a marine species that enters bays, inlets, tidal creeks and rivers, canals, sloughs and ponds. This species can often be found in densely vegetated areas.

Status & distribution
Status — Marine invader
Florida Distribution — Western and North Central drainages, South Florida and the Atlantic Coast
VIEW SPECIES IN COLLECTION DATABASE NEW GALLERY SEARCH"
Florida Museum,Lucania goodei,https://www.floridamuseum.ufl.edu/discover-fish/florida-fishes-gallery/bluefin-killifish/,Non-flowing freshwater,https://www.floridamuseum.ufl.edu/wp-content/uploads/sites/66/2020/02/Plate-115-2048x1593.jpg,output/images_all/florida-museum-bluefin-killifish-76eaa373.jpg,florida-museum-bluefin-killifish-76eaa373,"Lucania goodei
Jordan 1880
Family Fundulidae
The photo above shows a male, top, and female, bottom, bluefin killifish. These fish are now part of the Florida Museum ichthyology collection, UF 236230. Florida Museum photo by Zachary Randall

The bluefin killifish is a member of the topminnow family. It has a bold zigzag black stripe from the tip of the snout to the caudal fin base, and a slender, compressed body with a small upturned mouth. This species has a red-orange caudal fin. Bluefin killifish are usually found in vegetated sloughs, ditches, ponds and lakes, and in pools and backwaters of creeks and small to medium rivers. This species is also sometimes common in spring effluents.

Status & distribution
Status — Native freshwater
Florida Distribution — Western and North Central and Peninsula drainages
River Drainages — Choctawhatchee River, Econfina Creek, Apalachicola River, Ochlockonee River, minor Gulf tributaries, Suwannee River, Withlacoochee River, Tampa Bay, the Myakka or Peace River, Lake Okeechobee, Caloosahatchee River, the Everglades, Indian River, the Tolomato or Matanzas River and the St. John’s River
VIEW SPECIES IN COLLECTION DATABASE NEW GALLERY SEARCH
Similar Species
Rainwater Killifish"
Florida Museum,Lucania parva,https://www.floridamuseum.ufl.edu/discover-fish/florida-fishes-gallery/rainwater-killifish/,Coastal,https://www.floridamuseum.ufl.edu/wp-content/uploads/sites/66/2020/02/Plate-116-2048x1621.jpg,output/images_all/florida-museum-rainwater-killifish-f01468a1.jpg,florida-museum-rainwater-killifish-f01468a1,"Lucania parva
(Baird and Girard 1855)
Family Fundulidae
The photo above shows a male, top, and female, bottom, rainwater killifish. These fish are now part of the Florida Museum ichthyology collection. Top: UF 238088 Bottom: 187785 Florida Museum photo by Zachary Randall

The rainwater killifish is a member of the topminnow family. The scales on the back and side of the body are larger and typically dark-edged, creating a diamond-like appearance. Large males have a black spot at the front of the dusky orange dorsal fin, and a thin black fin edge on all fins but the pectoral. The rainwater killifish is a marine species that primarily inhabits shallow water along the coast but can also be found well inland. This species is usually found over sand or mud in vegetated areas.

Status & distribution
Status — Marine invader
Florida Distribution — Western and North Central drainages, the Gulf Coast, South Florida and the Atlantic Coast
VIEW SPECIES IN COLLECTION DATABASE NEW GALLERY SEARCH
Similar Species
Bluefin Killifish"
Florida Museum,Lutjanus griseus,https://www.floridamuseum.ufl.edu/discover-fish/florida-fishes-gallery/gray-snapper/,Coastal,https://www.floridamuseum.ufl.edu/wp-content/uploads/sites/66/2020/02/Plate-182-2048x1993.jpg,output/images_all/florida-museum-gray-snapper-a7ce8cc3.jpg,florida-museum-gray-snapper-a7ce8cc3,"Lutjanus griseus
(Linnaeus 1758)
Family Lutjanidae
The photo above shows an adult, top, and a juvenile, bottom, gray snapper. These fish are now part of the Florida Museum ichthyology collection. Top: UF 238075 Bottom: UF 237937 Florida Museum photo by Zachary Randall

The gray snapper is a member of the snapper family. It has a moderately compressed body and pointed snout, and the color of the head and body is gray to green-gray or coppery and varies with life stages. The scales on the side are marked with light orange to reddish-orange spots that form rows, and there is a dark stripe typically extends through the eye from the snout upward towards the first dorsal fin. All jaw teeth are canine or canine-like, and a single canine tooth on either side of the upper jaw is large and conspicuous. The gray snapper is a marine species that enters lower reaches of rivers, nearshore springs and canals. In some large river systems, it can be found far inland.

Status & distribution
Status — Marine invader
Florida Distribution — Western and North Central drainages, the Gulf Coast, South Florida and the Atlantic Coast
VIEW SPECIES IN COLLECTION DATABASE NEW GALLERY SEARCH"
Florida Museum,Luxilus chrysocephalus,https://www.floridamuseum.ufl.edu/discover-fish/florida-fishes-gallery/striped-shiner/,Flowing freshwater,https://www.floridamuseum.ufl.edu/wp-content/uploads/sites/66/2020/02/Plate-37-2048x781.jpg,output/images_all/florida-museum-striped-shiner-c7a214c1.jpg,florida-museum-striped-shiner-c7a214c1,"Luxilus chrysocephalus
Rafinesque 1820
Family Leuciscidae
The striped shiner pictured above was collected in Escambia County, Florida. It is now part of the Florida Museum ichthyology collection, UF 238019. Florida Museum photo by Zachary Randall

The striped shiner is part of the minnow, shiner and chub family. This species has large scales and three dark stripes on on upper side of body. Large individuals also have dark crescent patterns along their sides. Striped shiners can be found in sand and gravel bottom pools, as well as in riffles in creeks and small to medium rivers.

Status & distribution
Status — Non-indigenous freshwater
Florida Distribution — Western and North Central drainages
River Drainages — Escambia River
VIEW SPECIES IN COLLECTION DATABASE NEW GALLERY SEARCH
Similar Species
Bandfin Shiner"
Florida Museum,Luxilus zonistius,https://www.floridamuseum.ufl.edu/discover-fish/florida-fishes-gallery/bandfin-shiner/,Flowing freshwater,https://www.floridamuseum.ufl.edu/wp-content/uploads/sites/66/2020/02/Plate-38-2048x807.jpg,output/images_all/florida-museum-bandfin-shiner-95a8bf36.jpg,florida-museum-bandfin-shiner-95a8bf36,"Luxilus zonistius
Jordan 1880
Family Leuciscidae
The bandfin shiner pictured above was collected in Liberty County, Florida in 2014. It is now part of the Florida Museum ichthyology collection, UF 2371821. Florida Museum photo by Zachary Randall

The bandfin shiner is part of the minnow, shiner and chub family. Juveniles have bold red-orange coloration on the dorsal fins, and adult bandfin shiners typically have black bands on their dorsal fins. A large black spot on caudal fin base is also common in adults. This species has a large mouth that is oblique and terminal. Bandfin shiners can be found in sand and gravel runs and pools of creeks and small to medium rivers.

Status & distribution
Status — Native freshwater
Florida Distribution — Western and North Central drainages
River Drainages — the Apalachicola River
VIEW SPECIES IN COLLECTION DATABASE NEW GALLERY SEARCH
Similar Species
Striped Shiner"
Florida Museum,Lythrurus atrapiculus,https://www.floridamuseum.ufl.edu/discover-fish/florida-fishes-gallery/blacktip-shiner/,Flowing freshwater,https://www.floridamuseum.ufl.edu/wp-content/uploads/sites/66/2020/02/Plate-39-2048x669.jpg,output/images_all/florida-museum-blacktip-shiner-b134f7fb.jpg,florida-museum-blacktip-shiner-b134f7fb,"Lythrurus atrapiculus
(Snelson 1972)
Family Leuciscidae
The blacktip shiner pictured above was collected in Okaloosa County, Florida in 2015. It is now part of the Florida Museum ichthyology collection, UF 237735. Florida Museum photo by Zachary Randall

The blacktip shiner is a member of the minnow, shiner and chub family. It has black shading near the margins of the dorsal, anal and pelvic fins and extremely small scales on the nape. This shiner has dusky black coloration on the lips and chin and a dark stripe along the side of the body. It can be found in sand and gravel bottom pools of headwaters, creeks and small rivers.

Status & distribution
Status — Native freshwater
Florida Distribution — Western and North Central drainages
River Drainages — Escambia River, Yellow River and the Choctawhatchee River
VIEW SPECIES IN COLLECTION DATABASE NEW GALLERY SEARCH
Similar Species
Bandfin Shiner"
Florida Museum,Macrhybopsis pallida,https://www.floridamuseum.ufl.edu/discover-fish/florida-fishes-gallery/pallid-chub/,Flowing freshwater,https://www.floridamuseum.ufl.edu/wp-content/uploads/sites/66/2020/02/Plate-40-2048x594.jpg,output/images_all/florida-museum-pallid-chub-117a9721.jpg,florida-museum-pallid-chub-117a9721,"Macrhybopsis pallida
Gilbert and Mayden 2017
Family Leuciscidae
The pallid chub above was collected in Dale County, Alabama in 1975. It is now part of the Florida Museum ichthyology collection, UF 73313. Florida Museum photo by Zachary Randall

The pallid chub is a member of the minnow, shiner and chub family. This species has very small black spots on the back and side body and a long and bulbous snout. There are two long barbels at the corners of the mouth. Pallid chubs can be found in mixed sand and gravel runs of small to medium rivers.

Status & distribution
Status — Native freshwater
Florida Distribution — Western and North Central drainages
River Drainages — Escambia River, Yellow River and the Choctawhatchee River
VIEW SPECIES IN COLLECTION DATABASE NEW GALLERY SEARCH
Similar Species
Clear Chub
Longnose Shiner"
Florida Museum,Macrognathus siamensis,https://www.floridamuseum.ufl.edu/discover-fish/florida-fishes-gallery/spotfin-spiny-eel/,Non-flowing freshwater,https://www.floridamuseum.ufl.edu/wp-content/uploads/sites/66/2020/02/Plate-129-2048x563.jpg,output/images_all/florida-museum-spotfin-spiny-eel-c1a9e61f.jpg,florida-museum-spotfin-spiny-eel-c1a9e61f,"Macrognathus siamensis
(Günther 1861)
Family Mastacembelidae
The spotfin spiny eel pictured above was collected in Miami-Dade County, Florida in 2014. It is now part of the Florida Museum ichthyology collection, UF 236679. Florida Museum photo by Zachary Randall

The spotfin spiny eel is a member of the freshwater spiny eel family. Its body is elongate, eel-like and strongly compressed, and this species has a long, slender snout along with a long protruding anterior nostril. There are between three and six large ocelli in a row along the lower portions of the dorsal and caudal fins. The spotfin spiny eel can be found in canals with little or no current and adjacent wetlands in the Everglades.

Status & distribution
Status — Non-indigenous freshwater
Florida Distribution — Peninsula drainages
River Drainages — Tampa Bay and the Everglades
VIEW SPECIES IN COLLECTION DATABASE NEW GALLERY SEARCH"
Florida Museum,Mayaheros urophthalmus,https://www.floridamuseum.ufl.edu/discover-fish/florida-fishes-gallery/mayan-cichlid/,Non-flowing freshwater,https://www.floridamuseum.ufl.edu/wp-content/uploads/sites/66/2020/02/Plate-204_2-1865x2048.jpg,output/images_all/florida-museum-mayan-cichlid-56e7f827.jpg,florida-museum-mayan-cichlid-56e7f827,"Mayaheros urophthalmus
(Günther 1862)
Family Cichlidae
The photo above shows an adult, top, and juvenile, bottom, Mayan cichlid. These fish were collected in 2015 and are now part of the Florida Museum ichthyology collection. Top: UF 237982 Bottom: UF 237898 Florida Museum photo by Zachary Randall

The Mayan cichlid is a member of the cichlid and tilapia family. It has a moderately compressed body with a pointed snout and between six and eight blue-black bars – often with narrow white to pale gray borders – on a brownish to olive background. The dorsal fin frequently has a red edge, and a white to metallic blue-edged bar is present on the middle caudal fin base. Breeding males develop a pinkish-red throat coloration that may extend onto the belly and side. The dorsal profile of the head is straight to concave, and the anal fin has between five and six spines. The caudal fin is rounded. Mayan cichlid can be found in borrow-pit lakes, canals, drainage ditches and wet prairies. This species is also found in open water and dense vegetation, and can live in mangrove swamps and shallow coastal areas in water ranging up to 30 parts per thousand salinity.

Status & distribution
Status — Non-indigenous freshwater
Florida Distribution — Peninsula drainages
River Drainages — Tampa Bay, Lake Okeechobee, Caloosahatchee River, the Everglades and the Indian River
VIEW SPECIES IN COLLECTION DATABASE NEW GALLERY SEARCH
Similar Species
Midas Cichlid"
Florida Museum,Megalops atlanticus,https://www.floridamuseum.ufl.edu/discover-fish/florida-fishes-gallery/tarpon/,Coastal,https://www.floridamuseum.ufl.edu/wp-content/uploads/sites/66/2020/02/Plate-17-2048x649.jpg,output/images_all/florida-museum-tarpon-8f997925.jpg,florida-museum-tarpon-8f997925,"Megalops atlanticus
Valenciennes 1847
Family Megalopidae
The tarpon pictured above was collected in Monroe County, Florida, and is now a specimen in the Florida Museum ichthyology collection, UF 237243. Florida Museum photo by Kenneth Krysko.

Tarpon have projecting lower jaws and dorsal fin bases above the area between their pelvic and anal fin bases. Members of the tarpon family, they are a marine species frequently found in canals. Juveniles can be found in rivers, including those that are far inland.

Status & distribution
Status — Marine invader
Florida Distribution — Western and North Central drainages and the Gulf Coast, South Florida and Atlantic Coast
VIEW SPECIES IN COLLECTION DATABASE NEW GALLERY SEARCH
Similar Species
Ladyfish
Golden Shiner"
Florida Museum,Membras martinica,https://www.floridamuseum.ufl.edu/discover-fish/florida-fishes-gallery/rough-silverside/,Coastal,https://www.floridamuseum.ufl.edu/wp-content/uploads/sites/66/2020/02/Plate-95-2048x591.jpg,output/images_all/florida-museum-rough-silverside-504bf617.jpg,florida-museum-rough-silverside-504bf617,"Membras martinica
(Valenciennes 1835)
Family Atherinopsidae
The rough silverside pictured above was collected from the Gulf of Mexico in 2016. It is now part of the Florida Museum ichthyology collection, UF 238456. Florida Museum photo by Zachary Randall

The rough silverside is a member of the New World silverside family. Its slender and elongate, with rough-edged scales and a long, beaklike snout. The anal fin has between 15 and 21 rays, and the first dorsal fin originates slightly in front of the anal fin’s origin. This fish has a well-developed sensory system of prominent pits and troughs, and a cross-hatching pattern outlining its scales. The rough silverside is a marine species that enters rivers, creeks and canals. It can also be found in lake habitats in the St. John’s River basin.

Status & distribution
Status — Marine invader
Florida Distribution — South Florida and the Atlantic Coast
VIEW SPECIES IN COLLECTION DATABASE NEW GALLERY SEARCH
Similar Species
Inland Silverside
Golden Silverside"
Florida Museum,Menidia beryllina,https://www.floridamuseum.ufl.edu/discover-fish/florida-fishes-gallery/inland-silverside/,Flowing freshwater,https://www.floridamuseum.ufl.edu/wp-content/uploads/sites/66/2020/02/Plate-96-2048x621.jpg,output/images_all/florida-museum-inland-silverside-5a16afd9.jpg,florida-museum-inland-silverside-5a16afd9,"Menidia beryllina
(Cope 1867)
Family Atherinopsidae
The inland silverside shown above was collected in Levy County, Florida in 2015. It is now part of the Florida Museum’s ichthyology collection, UF 237973. Florida Museum photo by Zachary Randall

The inland silverside is a member of the New World silverside family. Its first dorsal fin originates far in front of the anal fin’s origin, and this species lacks a lateral line. It has a sickle-shaped anal fin. Inland silversides can be found in lakes and quiet areas of streams, usually swimming in schools at the surface.

Status & distribution
Status — Native freshwater
Florida Distribution — Western and North Central and Peninsula drainages
River Drainages — Perdido River, Escambia River, Blackwater River, Choctawhatchee River, Econfina Creek, Apalachicola River, minor Gulf tributaries, Withlacoochee River, Tampa Bay, Lake Okeechobee, Caloosahatchee River, the Everglades, Indian River, the Tolomato or Matanzas River and the St. John’s River
VIEW SPECIES IN COLLECTION DATABASE NEW GALLERY SEARCH
Similar Species
Golden Silverside"
Florida Museum,Microgobius gulosus,https://www.floridamuseum.ufl.edu/discover-fish/florida-fishes-gallery/clown-goby/,Coastal,https://www.floridamuseum.ufl.edu/wp-content/uploads/sites/66/2020/02/Plate-224-2048x781.jpg,output/images_all/florida-museum-clown-goby-7a0cb9ec.jpg,florida-museum-clown-goby-7a0cb9ec,"Microgobius gulosus
(Girard 1858)
Family Gobiidae
This clown goby was collected in Brevard County, Florida in 2014. This fish is now part of the Florida Museum ichthyology collection, UF 187947. Florida Museum photo by Zachary Randall

The clown goby is a member of the goby family. It has an elongate body that tapers posteriorly to the caudal penduncle, and a large head with a strongly projecting lower jaw. There are dark brown blotches on the tan to gray head and body, and a white stripe across the cheek. There is an iridescent white bar below the first dorsal fin, and the pelvic fins are united. Males are generally larger and females – typically smaller – have spotted fins. The clown goby is a marine species that inhabits primarily low-energy tidal zones, sometimes vegetated and with sand or mud substrates. These environments can include bays, tidal creeks, canals, ditches and coastal rivers.

Status & distribution
Status — Marine invader
Florida Distribution — Western and North Central drainages, the Gulf Coast, South Florida and the Atlantic Coast
VIEW SPECIES IN COLLECTION DATABASE NEW GALLERY SEARCH
Similar Species
Freshwater Goby"
Florida Museum,Microphis brachyurus,https://www.floridamuseum.ufl.edu/discover-fish/florida-fishes-gallery/opossum-pipefish/,Diadromous,https://www.floridamuseum.ufl.edu/wp-content/uploads/sites/66/2020/02/Plate-126-2048x698.jpg,output/images_all/florida-museum-opossum-pipefish-96dafd57.jpg,florida-museum-opossum-pipefish-96dafd57,"Microphis brachyurus
(Bleeker 1853)
Family Syngnathidae
The photo above shows a female pipefish. This fish was collected in Miami-Dade County, Florida in 2013. It is now part of the Florida Museum ichthyology collection, UF 186961. Florida Museum photo by Zachary Randall

The opossum pipefish is a member of the pipefish and seahorse family. It has a slender, snakelike body and no pelvic fins. This fish has a pipe-like and long snout. There are between 17 and 21 trunk rings, and between 20 and 26 tail rings on the body. The opossum pipefish has a long dorsal fin with between 37 and 54 rays, and vertically oriented protective plates on the belly. This is a marine species whose adults enter near-shore, densely vegetated fresh waters, including creeks and canals.

Status & distribution
Status — Marine invader
Florida Distribution — Gulf Coast, South Florida and Atlantic Coast
VIEW SPECIES IN COLLECTION DATABASE NEW GALLERY SEARCH
Similar Species
Gulf Pipefish"
Florida Museum,Micropogonias undulatus,https://www.floridamuseum.ufl.edu/discover-fish/florida-fishes-gallery/atlantic-croaker/,Coastal,https://www.floridamuseum.ufl.edu/wp-content/uploads/sites/66/2020/02/Plate-191-2048x1031.jpg,output/images_all/florida-museum-atlantic-croaker-cfc7a62d.jpg,florida-museum-atlantic-croaker-cfc7a62d,"Micropogonias undulatus
(Linnaeus 1766)
Family Sciaenidae
This Atlantic croaker was collected in Volusia County, Florida in 2015. It is now part of the Florida Museum ichthyology collection, UF 237915. Florida Museum photo by Zachary Randall

The Atlantic croaker is a member of the drum and croaker family. It has a slightly elongated, fusiform body with a rounded dorsal profile and nearly straight ventral profile. It has a moderately large and subterminal mouth, and there are between six and ten tiny chin barbels. The preopercle is serrate along the edge of its upper arm to the ventral angle where there are between three and four large, strong spines. This species has a silvery body with a pink to bronze-ish hue with many slightly oblique rows of spots along the side. Breeding individuals take on a golden hue, and the caudal fin in adults is lanceolate. The Atlantic croaker is a marine species that enters nearshore water bodies including rivers, creeks, canals and ditches. This species is only found over sandy or muddy substrate.

Status & distribution
Status — Marine invader
Florida Distribution — Western and North Central; South Florida; Atlantic Coast
VIEW SPECIES IN COLLECTION DATABASE NEW GALLERY SEARCH
Similar Species
Red Drum
Spot"
Florida Museum,Micropterus cataractae,https://www.floridamuseum.ufl.edu/discover-fish/florida-fishes-gallery/shoal-bass/,Flowing freshwater,https://www.floridamuseum.ufl.edu/wp-content/uploads/sites/66/2020/02/Plate-153-2048x842.jpg,output/images_all/florida-museum-shoal-bass-08f13a43.jpg,florida-museum-shoal-bass-08f13a43,"Micropterus cataractae
Williams and Burgess 1999
Family Centrarchidae
The shoal bass pictured above was collected in Calhoun County, Florida in 2015. It is now part of the Florida Museum ichthyology collection, UF 237825. Florida Museum photo by Zachary Randall

The shoal bass is a member of the sunfish family. This species has an elongate body and large mouth with the upper jaw extending under the rear half of the eye. The body color can vary from silver-white to olive, with dark olive to black mottling on the back and upper side. There are between 10 and 15 bars along the midside of the body and between six and eight bars along the upper side. Shoal bass can be found in deep riffles and runs, as well as in pools of creeks and small to large rivers.

Status & distribution
Status — Native freshwater
Florida Distribution — Western and North Central drainages
River Drainages — Apalachicola River
VIEW SPECIES IN COLLECTION DATABASE NEW GALLERY SEARCH
Similar Species
Spotted Bass
Largemouth Bass"
Florida Museum,Micropterus notius,https://www.floridamuseum.ufl.edu/discover-fish/florida-fishes-gallery/suwannee-bass/,Flowing freshwater,https://www.floridamuseum.ufl.edu/wp-content/uploads/sites/66/2020/02/Plate-154-2048x1576.jpg,output/images_all/florida-museum-suwannee-bass-7bcddd09.jpg,florida-museum-suwannee-bass-7bcddd09,"Micropterus notius
Bailey and Hubbs 1949
Family Centrarchidae
The photo above shows an adult, top, and juvenile, bottom, Suwannee bass. These fish are now part of the Florida Museum ichthyology collection. Top: UF 238454 Bottom: UF 236675 Florida Museum photo by Zachary Randall

The Suwanee bass is a member of the sunfish family. It has an elongate body and a large mouth with an upper jaw extending to the rear of the eye. The body varies from greenish-white to brown with a broad black stripe along the side, and there are rows of black spots or vermiculations on the dorsal, anal and caudal fins. Large males have a bright turquoise cheek, breast and belly. Suwannee bass can be found in rocky riffles, runs and pools of spring-fed small to medium rivers.

Status & distribution
Status — Native freshwater
Florida Distribution — Western and North Central drainages
River Drainages — Ochlockonee River, minor Gulf tributaries and the Suwannee River
VIEW SPECIES IN COLLECTION DATABASE NEW GALLERY SEARCH
Similar Species
Largemouth Bass"
Florida Museum,Micropterus punctulatus,https://www.floridamuseum.ufl.edu/discover-fish/florida-fishes-gallery/spotted-bass/,Flowing freshwater,https://www.floridamuseum.ufl.edu/wp-content/uploads/sites/66/2020/02/Plate-155-2048x1288.jpg,output/images_all/florida-museum-spotted-bass-c95a6030.jpg,florida-museum-spotted-bass-c95a6030,"Micropterus punctulatus
(Rafinesque 1819)
Family Centrarchidae
An adult, top, and juvenile, bottom, spotted bass are pictured above. These fish are now part of the Florida Museum ichthyology collection. Top: UF 238439 Bottom: UF 238187 Florida Museum photo by Zachary Randall

The spotted bass is a member of the sunfish family. It has an elongate body and large mouth, with the upper jaw extending under the rear half of the eye. The body varies from silver-white to brassy green with dark olive mottling along the back and upper side. There is a black stripe along the side and rows of discrete black spots on the lower side body, with a black caudal spot. Spotted bass can be found in gravelly riffles, runs and pools of creeks and small to medium rivers.

Status & distribution
Status — Non-indigenous freshwater
Florida Distribution — Western and North Central drainages
River Drainages — the Apalachicola River
VIEW SPECIES IN COLLECTION DATABASE NEW GALLERY SEARCH
Similar Species
Largemouth Bass
Shoal Bass"
Florida Museum,Micropterus salmoides,https://www.floridamuseum.ufl.edu/discover-fish/florida-fishes-gallery/largemouth-bass/,Non-flowing freshwater,https://www.floridamuseum.ufl.edu/wp-content/uploads/sites/66/2020/02/Plate-156-2048x1570.jpg,output/images_all/florida-museum-largemouth-bass-7364497d.jpg,florida-museum-largemouth-bass-7364497d,"Micropterus salmoides
(Lacepéde 1802)
Family Centrarchidae
The photo above shows an adult, top, and juvenile, bottom, largemouth bass. These fish are now part of the Florida Museum ichthyology collection. Top: UF 238440 Bottom: UF 238420 Florida Museum photo by Zachary Randall

The largemouth bass is a member of the sunfish family. It has an elongate body and a large mouth, with the upper jaw extending past the eye in the adult. There is a broad black stripe often broken into a series of blotches along the side. This species has scattered black specks on the lower side body and a dusky black edge on a clear to dusky caudal fin. Largemouth bass can be found in lakes, ponds and pools of creeks and small to large rivers.

Status & distribution
Status — Native freshwater
Florida Distribution — Western and North Central and Peninsula drainages
River Drainages — Perdido River, Escambia River, Blackwater River, Yellow River, Choctawhatchee River, Econfina Creek, Apalachicola River, Ochlockonee River, minor Gulf tributaries, Suwannee River, Withlacoochee River, Tampa Bay, the Myakka or Peace River, Lake Okeechobee, Caloosahatchee River, the Everglades, Indian River, the Tolomato or Matanzas River, St. John’s River and the St. Mary’s River
VIEW SPECIES IN COLLECTION DATABASE NEW GALLERY SEARCH
Similar Species
Suwannee Bass
Spotted Bass
Choctaw Bass"
Florida Museum,Miniellus melanostomus,https://www.floridamuseum.ufl.edu/discover-fish/florida-fishes-gallery/blackmouth-shiner/,Non-flowing freshwater,https://www.floridamuseum.ufl.edu/wp-content/uploads/sites/66/2020/02/Plate-48-2048x681.jpg,output/images_all/florida-museum-blackmouth-shiner-fcc2cb6a.jpg,florida-museum-blackmouth-shiner-fcc2cb6a,"Miniellus melanostomus
(Bortone 1989)
Family Leuciscidae
The blackmouth shiner pictured above was photographed in Santa Rosa County, Florida in 2003. Photo courtesy of Richard T. Bryant

The blackmouth shiner is a member of the minnow, shiner and chub family. This shiner has dark-edged scales on an otherwise light olive back, and on the upper side of their body. There is a pale stripe above a silver-black one that runs along the side of the body and continues around the snout and across the chin. This species has a strongly upturned mouth. Blackmouth shiners can be found in muddy backwaters and pools of creeks and small rivers, and usually live near vegetation.

Status & distribution
Status — Native freshwater
Florida Distribution — Western and North Central drainages
River Drainages — the Blackwater River and the Yellow River
VIEW SPECIES IN COLLECTION DATABASE NEW GALLERY SEARCH
Similar Species
Ironcolor Shiner"
Florida Museum,Minytrema melanops,https://www.floridamuseum.ufl.edu/discover-fish/florida-fishes-gallery/spotted-sucker/,Flowing freshwater,https://www.floridamuseum.ufl.edu/wp-content/uploads/sites/66/2020/02/Plate-63-2048x795.jpg,output/images_all/florida-museum-spotted-sucker-920a8872.jpg,florida-museum-spotted-sucker-920a8872,"Minytrema melanops
(Rafinesque 1820)
Family Catostomidae
The spotted sucker shown above was collected in Dixie County, Florida in 2014. It is now part of the Florida Museum ichthyology collection, UF 237696. Florida Museum photo by Zachary Randall

The spotted sucker is a member of the sucker family, and has between 8 and 12 rows of dark spots on the back and side of the body. They lack a lateral line and have dusky red fins. Spotted suckers can be found in pools and runs of small to large rivers, and are usually found over gravel or mixed sand and gravel.

Status & distribution
Status — Native freshwater
Florida Distribution — Western and North Central drainages
River Drainages — Perdido River, Escambia River, Blackwater River, Yellow River, Choctawhatchee River, Econfina Creek, Apalachicola River, Ochlockonee River, minor Gulf tributaries and the Suwannee River
VIEW SPECIES IN COLLECTION DATABASE NEW GALLERY SEARCH"
Florida Museum,Misgurnus anguillicaudatus,https://www.floridamuseum.ufl.edu/discover-fish/florida-fishes-gallery/oriental-weatherfish/,Non-flowing freshwater,https://www.floridamuseum.ufl.edu/wp-content/uploads/sites/66/2020/02/Plate-67-2048x549.jpg,output/images_all/florida-museum-oriental-weatherfish-50b828d6.jpg,florida-museum-oriental-weatherfish-50b828d6,"Misgurnus anguillicaudatus
(Cantor 1842)
Family Cobitidae
The oriental weatherfish pictured above was collected in Manatee County, Florida in 2014. It is now part of the Florida Museum ichthyology collection, UF 236274. Florida Museum photo by Zachary Randall

The oriental weatherfish is a member of the spined loach family, and has an eel-like body and five pairs of barbels. The dorsal and ventricle edges of the caudal peduncle have adipose crests, and this species has a subterminal mouth. It can be found in rivers, creeks and swamps, usually in backwaters with little or no current and a soft muddy bottom. Oriental weatherfish are typically found in environments with low levels of dissolved oxygen.

Status & distribution
Status — Non-indigenous freshwater
Florida Distribution — Peninsula drainages
River Drainages — Tampa Bay and the Myakka or Peace River
VIEW SPECIES IN COLLECTION DATABASE NEW GALLERY SEARCH"
Florida Museum,Monopterus javanensis,https://www.floridamuseum.ufl.edu/discover-fish/florida-fishes-gallery/asian-swamp-eel/,Non-flowing freshwater,https://www.floridamuseum.ufl.edu/wp-content/uploads/sites/66/2020/02/Plate-128-2048x716.jpg,output/images_all/florida-museum-asian-swamp-eel-f8c087b5.jpg,florida-museum-asian-swamp-eel-f8c087b5,"Monopterus javanensis
Lacepéde 1800
Family Synbranchidae
The Asian swamp eel pictured above was collected in Miami-Dade County, Florida in 2015. It is now part of the Florida Museum ichthyology collection, UF 237865. Florida Museum photo by Zachary Randall

The Asian swamp eel is a member of the swamp eel family. It has an eel-like body and is round to oval in its cross section. The dorsal and anal fins are reduced to rayless, foldlike ridges. The pectoral, pelvic and caudal fins are absent. The gill opening is reduced to a single crescentic slit on the ventral midline of the head and the eye is greatly reduced. Asian swamp eels can be found in water bodies ranging from small ditches to large canals, including ponds, reservoirs and wetlands. These eels are usually found in areas with abundant vegetation and may burrow deep within soft substrates.

Status & distribution
Status — Non-indigenous freshwater
Florida Distribution — Peninsula drainages
River Drainages — Tampa Bay and the Everglades
VIEW SPECIES IN COLLECTION DATABASE NEW GALLERY SEARCH
Similar Species
American Eel
Speckled Worm Eel"
Florida Museum,Morone saxatilis,https://www.floridamuseum.ufl.edu/discover-fish/florida-fishes-gallery/striped-bass/,Anadromous,https://www.floridamuseum.ufl.edu/wp-content/uploads/sites/66/2020/02/Plate-135-2048x1509.jpg,output/images_all/florida-museum-striped-bass-41997563.jpg,florida-museum-striped-bass-41997563,"Morone saxatilis
(Walbaum 1792)
Family Moronidae
The photo above shows an adult, top, and juvenile, bottom, striped bass. These fish are now part of the Florida Museum ichthyology collection, UF 238431. Florida Museum photo by Zachary Randall

The striped bass is a member of the temperate bass family. Adults of this species have between six and nine dark gray stripes on the side body and the back is dark olive to blue-gray. The body is smoothly arched pre-dorsally and deepest between the dorsal fins. Striped bass migrate upriver from oceans to spawn and can be found in channels of medium to large lakes, rivers and impoundments. This species has been successfully introduced to landlocked impoundments.

Status & distribution
Status — Native freshwater
Florida Distribution — Western and North Central and Peninsula drainages
River Drainages — Perdido River, Escambia River, Yellow River, Choctawhatchee River, Apalachicola River and minor Gulf tributaries
VIEW SPECIES IN COLLECTION DATABASE NEW GALLERY SEARCH
Similar Species
White Bass"
Florida Museum,Moxostoma carinatum,https://www.floridamuseum.ufl.edu/discover-fish/florida-fishes-gallery/river-redhorse/,Flowing freshwater,https://www.floridamuseum.ufl.edu/wp-content/uploads/sites/66/2020/02/Plate-64-2048x777.jpg,output/images_all/florida-museum-river-redhorse-c0076e39.jpg,florida-museum-river-redhorse-c0076e39,"Moxostoma carinatum
(Cope 1870)
Family Catostomidae
The river redhorse pictured above was collected in Pulaski County, Kentucky in 2010. Photo courtesy of Matthew R. Thomas

The river redhorse is a member of the sucker family. It has a large head and large plicate lips, with a slightly V-shaped rear edge on the lower lip. This species has between six and eight molarlike teeth on the stout pharyngeal arch. The river redhorse has a red caudal fin with pointed upper lobe that is longer than the rounded lower lobe, and large males develop a dark stripe along the side of the body. River redhorses can be found in pools and runs of small to large rivers, and is usually found over gravel or mixed sand and gravel.

Status & distribution
Status — Native freshwater
Florida Distribution — Western and North Central drainages
River Drainages — the Escambia River
VIEW SPECIES IN COLLECTION DATABASE NEW GALLERY SEARCH
Similar Species
Blacktail Redhorse"
Florida Museum,Moxostoma poecilurum,https://www.floridamuseum.ufl.edu/discover-fish/florida-fishes-gallery/blacktail-redhorse/,Flowing freshwater,https://www.floridamuseum.ufl.edu/wp-content/uploads/sites/66/2020/02/Plate-65-2048x1235.jpg,output/images_all/florida-museum-blacktail-redhorse-def29652.jpg,florida-museum-blacktail-redhorse-def29652,"Moxostoma poecilurum
Jordan 1877
Family Catostomidae
The photo above shows an adult, top, and juvenile, bottom, blacktail redhorse. These fish were photographed in 2015 and are now part of the Florida Museum ichthyology collection. Top: UF 237848 Bottom: UF 237648 Florida Museum photo by Zachary Randall

The blacktail redhorse is a member of the sucker family. It has a slightly U-shaped rear edge on the lower lip and blade-like teeth on the slender pharyngeal arch. The caudal fin is red with a black submaginal band. This species can be found in sandy and rocky pools, and in runs of small to medium rivers.

Status & distribution
Status — Native freshwater
Florida Distribution — Western and North Central drainages
River Drainages — Perdido River, Escambia River, Blackwater River, Yellow River and the Choctawhatchee River
VIEW SPECIES IN COLLECTION DATABASE NEW GALLERY SEARCH
Similar Species
River Redhorse"
Florida Museum,Mugil cephalus,https://www.floridamuseum.ufl.edu/discover-fish/florida-fishes-gallery/striped-mullet/,Coastal,https://www.floridamuseum.ufl.edu/wp-content/uploads/sites/66/2020/02/Plate-92-2048x1359.jpg,output/images_all/florida-museum-striped-mullet-89b840f1.jpg,florida-museum-striped-mullet-89b840f1,"Mugil cephalus
Linnaeus 1758
Family Mugilidae
The photo above shows an adult, top, and juvenile, bottom, striped mullet. These mullet were collected in Brevard and Volusia County, Florida, respectively. They are now part of the Florida Museum ichthyology collection. Top: UF 238677 Bottom: UF 187925 Florida Museum photo by Zachary Randall

The striped mullet is a member of the mullet family. Its eye is partially covered by an adipose eyelid, and the body covered in large scales that have a striping effect on the lower-middle to upper-side body. The anal fin has three spines and eight rays. The striped mullet is a marine species that enters rivers, springs, creeks, canals and lakes. Striped mullet spawn in the ocean.

Status & distribution
Status — Marine invader
Florida Distribution — Western and North Central; Gulf Coast; South Florida; Atlantic Coast
VIEW SPECIES IN COLLECTION DATABASE NEW GALLERY SEARCH
Similar Species
White Mullet"
Florida Museum,Mugil curema,https://www.floridamuseum.ufl.edu/discover-fish/florida-fishes-gallery/white-mullet/,Coastal,https://www.floridamuseum.ufl.edu/wp-content/uploads/sites/66/2020/02/Plate-93-2048x801.jpg,output/images_all/florida-museum-white-mullet-fd0b43ad.jpg,florida-museum-white-mullet-fd0b43ad,"Mugil curema
(Valenciennes 1836)
Family Mugilidae
The white mullet pictured above was collected in St. John’s County, Florida in 2014. It is now part of the Florida Museum ichthyology collection, UF 237627. Florida Museum photo by Zachary Randall

The white mullet is a member of the mullet family. This species has a small gold or yellow-orange blotch behind the eye, which is partially covered by an adipose eyelid. There are scales present on the second dorsal and anal fins, and the anal fin has three spines and between nine and ten rays. The white mullet is a marine species that enters coastal and inland rivers, creeks, canals and some lakes.

Status & distribution
Status — Marine invader
Florida Distribution — Western and North Central; South Florida; Atlantic Coast
VIEW SPECIES IN COLLECTION DATABASE NEW GALLERY SEARCH
Similar Species
Mountain Mullet
Striped Mullet"
Florida Museum,Myrophis punctatus,https://www.floridamuseum.ufl.edu/discover-fish/florida-fishes-gallery/speckled-worm-eel/,Coastal,https://www.floridamuseum.ufl.edu/wp-content/uploads/sites/66/2020/02/Plate-19-2048x1547.jpg,output/images_all/florida-museum-speckled-worm-eel-de745b2a.jpg,florida-museum-speckled-worm-eel-de745b2a,"Myrophis punctatus
Lütken 1852
Family Ophichthidae
The photo above shows a live, bottom, and preserved, top, speckled worm eel collected from the Gulf of Mexico and the Ocklawaha River, Florida, respectively. Both are part of the Florida Museum’s ichthyology collection. Top: UF 238344 Bottom: UF 190918 Florida Museum photo by Zachary Randall

Speckled worm eels are members of the snake eel family, and are known for their overhanging upper jaws. These eels have basket-like branchial chambers and posterior nostrils in their upper lip margins. They’re speckled brown, with the darkest speckling across their backs. Speckled worm eels frequently enter rivers and are usually found burrowed in soft mud or sandy substrate.

Status & distribution
Status — Marine invader
Florida Distribution — Western and North Central drainages, the Gulf Coast, South Florida and the Atlantic Coast
VIEW SPECIES IN COLLECTION DATABASE NEW GALLERY SEARCH
Similar Species
American Eel
Asian Swamp Eel"
Florida Museum,Nocomis leptocephalus,https://www.floridamuseum.ufl.edu/discover-fish/florida-fishes-gallery/bluehead-chub/,Flowing freshwater,https://www.floridamuseum.ufl.edu/wp-content/uploads/sites/66/2020/02/Plate-41-2048x1329.jpg,output/images_all/florida-museum-bluehead-chub-5173e0cb.jpg,florida-museum-bluehead-chub-5173e0cb,"Nocomis leptocephalus
(Girard 1856)
Family Leuciscidae
The bluehead chubs pictured above were collected in 2015 from Escambia County, Florida. They are now specimens in the Florida Museum ichthyology collection. Top: UF 238021 Bottom: UF 237649 Florida Museum photo by Zachary Randall

The bluehead chub is a member of the minnow, shiner and chub family. This species has a large, slightly subterminal mouth with a small barbel at each corner and a brassy-green side body with a dusky stripe along mid-side. Bluehead chubs can be found in gravelly and sandy pools and runs of creeks and small to medium rivers.

Status & distribution
Status — Non-indigenous freshwater
Florida Distribution — Western and North Central drainages
River Drainages — the Escambia River
VIEW SPECIES IN COLLECTION DATABASE NEW GALLERY SEARCH
Similar Species
Dixie Chub"
Florida Museum,Notemigonus crysoleucas,https://www.floridamuseum.ufl.edu/discover-fish/florida-fishes-gallery/golden-shiner/,Non-flowing freshwater,https://www.floridamuseum.ufl.edu/wp-content/uploads/sites/66/2020/02/Plate-42-2048x1514.jpg,output/images_all/florida-museum-golden-shiner-f89e598d.jpg,florida-museum-golden-shiner-f89e598d,"Notemigonus crysoleucas
(Mitchill 1814)
Family Leuciscidae
The golden chubs pictured above were collected from the Florida Fish and Wildlife Commission Blackwater Hatchery, top, and a Bradford County, Florida Santa Fe River drainage, bottom. These fish are now part of the Florida Museum ichthyology collection. Top: UF 238443 Bottom: UF 236246 Florida Museum photo by Zachary Randall

The golden shiner is a member of the minnow, shiner and chub family. It has a pointed snout and a strongly decurved lateral line. There is a scaleless keel along belly and a dusky stripe along the side of its body in small individuals. Golden shiners can be found in lakes, ponds and swamps and in the backwaters and pools of creeks and small to medium rivers. This species is usually found near vegetation.

Status & distribution
Status — Native freshwater
Florida Distribution — Western and North Central drainages
River Drainages — Perdido River, Escambia River, Blackwater River, Yellow River, Choctawhatchee River, Econfina River, Apalachicola River, Ochlockonee River, minor Gulf tributaries, Suwannee River, Withlacoochee River, Tampa Bay, the Myakka or Peace River, Lake Okeechobee, Caloosahatchee River, the Everglades, Indian River, the Tolomato or Matanzas River, St. John’s River and the St. Mary’s River
VIEW SPECIES IN COLLECTION DATABASE NEW GALLERY SEARCH"
Florida Museum,Notropis maculatus,https://www.floridamuseum.ufl.edu/discover-fish/florida-fishes-gallery/taillight-shiner/,Non-flowing freshwater,https://www.floridamuseum.ufl.edu/wp-content/uploads/sites/66/2020/02/Plate-47-2048x739.jpg,output/images_all/florida-museum-taillight-shiner-ae3f3b6f.jpg,florida-museum-taillight-shiner-ae3f3b6f,"Notropis maculatus
(Hay 1881)
Family Leuciscidae
The taillight shiner shown above was collected in Alachua County, Florida in 2015. It is now part of the Florida Museum ichthyology collection, UF 237818. Florida Museum photo by Zachary Randall

Taillight shiners are members of the minnow, shiner and chub family. They have a bold black spot at center of their caudal fin base, and bright red pigment between small black spots on the upper and lower edges of the caudal fin base. Taillight shiners have a subterminal mouth. This species can be found in swamps, ponds, lakes and pools and backwaters of small to large rivers.

Status & distribution
Status — Native freshwater
Florida Distribution — Western and North Central; Peninsula drainages
River Drainages — Perdido River, Escambia River, Blackwater River, Yellow River, Choctawhatchee River, Apalachicola River, Ochlockonee River, minor Gulf tributaries, Sunwannee River, Withlacoochee River, Tampa Bay, the Myakka or Peace River, Lake Okeechobee, Caloosahatchee River, the Everglades, St. John’s River and St. Mary’s River
VIEW SPECIES IN COLLECTION DATABASE NEW GALLERY SEARCH
Similar Species
Pugnose Minnow"
Florida Museum,Noturus funebris,https://www.floridamuseum.ufl.edu/discover-fish/florida-fishes-gallery/black-madtom/,Flowing freshwater,https://www.floridamuseum.ufl.edu/wp-content/uploads/sites/66/2020/02/Plate-83-2048x760.jpg,output/images_all/florida-museum-black-madtom-a74347bb.jpg,florida-museum-black-madtom-a74347bb,"Noturus funebris
Gilbert and Swain 1891
Family Ictaluridae
The black madtom pictured above was collected in Escambia County, Florida in 2015. It is now part of the Florida Museum ichthyology collection, UF 237655. Florida Museum photo by Zachary Randall

The black madtom is a member of the North American catfish family. It is stout-bodied and uniformly black or dark blue on the back and side of the body, and has many small, dark brown spots. The caudal fin is straight or only slightly rounded. Black madtoms live near vegetation and woody debris in creeks and small rivers

Status & distribution
Status — Native freshwater
Florida Distribution — Western and North Central drainages
River Drainages — Perdido River, Escambia River, Blackwater River, Yellow River, Choctawhatchee River, Econfina Creek and the Apalachicola River
VIEW SPECIES IN COLLECTION DATABASE NEW GALLERY SEARCH
Similar Species
Tadpole Madtom"
Florida Museum,Noturus gyrinus,https://www.floridamuseum.ufl.edu/discover-fish/florida-fishes-gallery/tadpole-madtom/,Non-flowing freshwater,https://www.floridamuseum.ufl.edu/wp-content/uploads/sites/66/2020/02/Plate-84-2048x650.jpg,output/images_all/florida-museum-tadpole-madtom-da148c0d.jpg,florida-museum-tadpole-madtom-da148c0d,"Noturus gyrinus
(Mitchill 1817)
Family Ictaluridae
The tadpole madtom pictured above was collected in Jefferson County, Florida in 2014. It is now part of the Florida Museum ichthyology collection, UF 236311. Florida Museum photo by Zachary Randall

The tadpole madtom is a member of the North American catfish family. It is stout-bodied and uniformly tan or gray on the back and side of the body, with herringbone lines emanating from a distinctive, dark gray and veinlike line along the mid-side of the body. Tadpole madtoms can be found in lakes, ponds and pools and backwaters of creeks and small to large rivers. This species is usually found over mud, and often near woody debris.

Status & distribution
Status — Native freshwater
Florida Distribution — Western and North Central and Peninsula drainages
River Drainages — Perdido River, Escambia River, Blackwater River, Yellow River, Choctawhatchee River, Econfina Creek, Apalachicola River, Ochlockonee River, minor Gulf tributaries, Suwannee River, Withlacoochee River, Tampa Bay, the Mayakka or Peace River, Lake Okeechobee, Caloosahatchee River, the Everglades, Indian River, St. John’s River and the St. Mary’s River
VIEW SPECIES IN COLLECTION DATABASE NEW GALLERY SEARCH
Similar Species
Speckled Madtom
Black Madtom"
Florida Museum,Noturus leptacanthus,https://www.floridamuseum.ufl.edu/discover-fish/florida-fishes-gallery/speckled-madtom/,Flowing freshwater,https://www.floridamuseum.ufl.edu/wp-content/uploads/sites/66/2020/02/Plate-85-2048x635.jpg,output/images_all/florida-museum-speckled-madtom-7f7dc985.jpg,florida-museum-speckled-madtom-7f7dc985,"Noturus leptacanthus
Jordan 1877
Family Ictaluridae
The speckled madtom pictured above was collected in Union County, Florida in 2016. This fish is now part of the Florida Museum ichthyology collection, UF 238471. Florida Museum photo by Zachary Randall

The speckled madtom is a member of the North American catfish family. This species is slender, light brown and covered with conspicuous black specks. It has a straight-edged or slightly rounded caudal fin. Speckled madtoms can be found in gravelly and sandy runs and riffles of creeks, and in small to medium rivers. They’re often found near vegetation or woody debris

Status & distribution
Status — Native freshwater
Florida Distribution — Western and North Central and Peninsula drainages
River Drainages — Perdido River, Escambia River, Blackwater River, Yellow River, Choctawhatchee River, Econfina Creek, Apalachicola River, Ochlockonee River, minor Gulf tributaries, Suwannee River, St. John’s River and the St. Mary’s River
VIEW SPECIES IN COLLECTION DATABASE NEW GALLERY SEARCH
Similar Species
Tadpole Madtom"
Florida Museum,Opsopoedus emiliae,https://www.floridamuseum.ufl.edu/discover-fish/florida-fishes-gallery/pugnose-minnow/,Non-flowing freshwater,https://www.floridamuseum.ufl.edu/wp-content/uploads/sites/66/2020/02/Plate-51-2048x1635.jpg,output/images_all/florida-museum-pugnose-minnow-f5a595f8.jpg,florida-museum-pugnose-minnow-f5a595f8,"Opsopoedus emiliae
Hay 1881
Family Leuciscidae
The picture above shows a breeding male pugnose minnow, top, and an adult, bottom. These specimens were collected in 2014 and are now part of the Florida Museum ichthyology collection. Top: UF 187768 Bottom: UF 236310 Florida Museum photo by Zachary Randall

The pugnose minnow is part of the minnow, shiner and chub family. This species has a crosshatched pattern on the back and upper side of its body, and a strongly upturned and small mouth. Large males in western Florida have a dorsal fin with two black areas at the front and rear of the fin, and an unpigmented region in the center. Pugnose minnows are found in vegetated areas of lakes, swamps, oxbows and small to medium streams.

Status & distribution
Status — Native freshwater
Florida Distribution — Western and North Central and Peninsula drainages
River Drainages — Perdido River, Escambia River, Blackwater River, Yellow River, Choctawhatchee River, Econfina Creek, Apalachicola River, Ochlockonee River, minor Gulf tributaries, Suwannee River, Withlacoochee River, Tampa Bay, the Myakka or Peace River, Lake Okeechobee, and the Caloosahatchee River.
VIEW SPECIES IN COLLECTION DATABASE NEW GALLERY SEARCH
Similar Species
Taillight Shiner"
Florida Museum,Oreochromis aureus,https://www.floridamuseum.ufl.edu/discover-fish/florida-fishes-gallery/blue-tilapia/,Flowing freshwater; Non-flowing freshwater,https://www.floridamuseum.ufl.edu/wp-content/uploads/sites/66/2020/02/Plate-205-1974x2048.jpg,output/images_all/florida-museum-blue-tilapia-24c8b66f.jpg,florida-museum-blue-tilapia-24c8b66f,"Oreochromis aureus
(Steindachner 1864)
Family Cichlidae
The photo above shows an adult, top, and a juvenile, bottom, blue tilapia. These fish are now part of the Florida Museum ichthyology collection. Top: UF 190929 Bottom: UF 187066 Florida Museum photo by Zachary Randall

The blue tilapia is a member of the cichlid and tilapia family. It has a deep-bodied, compressed shape. This species is olive to bluish gray dorsally, yellow-olive to silver laterally and white ventrally. The caudal fin has many irregular bands and a pinkish-red posterior edge. There is a small mouth with bicuspid jaw teeth, and both jaws have an inner row of smaller tricuspid teeth. The “tilapia spot” is on the base of the second dorsal fin and is most prominent in juveniles. Blue tilapia live in a wide variety of habitats including roadside ditches, canals, springs, wet prairies, creeks, rivers and lakes with vegetation.

Status & distribution
Status — Non-indigenous freshwater
Florida Distribution — Peninsula drainages
River Drainages — Withlacoochee River, Tampa Bay, the Myakka or Peace River, Lake Okeechobee, Caloosahatchee River, the Everglades, Indian River, the Tolomato or Matnazas River and the St. John’s River
VIEW SPECIES IN COLLECTION DATABASE NEW GALLERY SEARCH
Similar Species
Nile Tilapia
Mozambique Tilapia
Blackchin Tilapia"
Florida Museum,Oreochromis niloticus,https://www.floridamuseum.ufl.edu/discover-fish/florida-fishes-gallery/nile-tilapia/,Flowing freshwater; Non-flowing freshwater,https://www.floridamuseum.ufl.edu/wp-content/uploads/sites/66/2020/02/Plate-207_2-1460x2048.jpg,output/images_all/florida-museum-nile-tilapia-260fe9da.jpg,florida-museum-nile-tilapia-260fe9da,"Oreochromis niloticus
(Linnaeus 1758)
Family Cichlidae
From top to bottom, the photo above shows two adult Nile tilapia and one juvenile. These fish are now part of the Florida Museum ichthyology collection. Top: UF 238085 Middle: UF 237885 Bottom: UF 237949 Florida Museum photo by Zachary Randall

The Nile tilapia is a member of the cichlid and tilapia family. It has a deep-bodied, compressed shape. This species is bronze to brownish-gray dorsally and laterally, and white ventrically. It has a truncated caudal fin that has many thin black bands and a pinkish-red posterior margin. Nile tilapia have a small mouth with bicuspid jaw teeth and between two and three small inner rows. Breeding males develop a pinkish-red flush on the body and a black edge on the dorsal fin. The black “tilapia spot” is present anteriorly on the dorsal fin, and is most prominent on juveniles. Nile tilapia can be found in canals, creeks, rivers and lakes, usually with aquatic vegetation.

Status & distribution
Status — Non-indigenous freshwater
Florida Distribution — Peninsula drainages
River Drainages — Lake Okeechobee, Caloosahatchee River, the Everglades, Indian River and the St. John’s River
VIEW SPECIES IN COLLECTION DATABASE NEW GALLERY SEARCH
Similar Species
Blue Tilapia
Mozambique Tilapia
Blackchin Tilapia"
Florida Museum,Parachromis managuensis,https://www.floridamuseum.ufl.edu/discover-fish/florida-fishes-gallery/jaguar-guapote/,Non-flowing freshwater,https://www.floridamuseum.ufl.edu/wp-content/uploads/sites/66/2020/02/Plate-208_2-1584x2048.jpg,output/images_all/florida-museum-jaguar-guapote-53350ed5.jpg,florida-museum-jaguar-guapote-53350ed5,"Parachromis managuensis
(Günther 1867)
Family Cichlidae
From top to bottom, the photo above shows two adult and one juvenile jaguar guapote. These fish are now part of the Florida Museum ichthyology collection. Top: UF 238202 Middle: UF 237993 Bottom: UF 187072. Top photo courtesy of Richard T. Bryant. Middle and bottom Florida Museum photos by Zachary Randall

The jaguar guapote is a member of the cichlid and tilapia family. It has a semi-elongate and compressed body, and a large oblique mouth. This species has a slightly concave dorsal head profile. The head is often yellow to olive-green, and the body is cream-yellow to gray. The head and body are covered with many black spots and streaks, and a pair of broken or complete black streaks extends from the eye to or nearly to the upper and lower gill cover edge. Large fish may take on a silver or blue-green luster with purple highlights on the body or the fins. The pectoral fin is dusky yellow, and all other fins are gray to black and heavily patterned in black. There are between seven and nine anal spines and a rounded caudal fin. The jaguar guapote can be found in roadside ditches, canals, wet prairies, creeks and lakes.

Status & distribution
Status — Non-indigenous freshwater
Florida Distribution — Peninsula drainages
River Drainages — Tampa Bay and the Everglades
VIEW SPECIES IN COLLECTION DATABASE NEW GALLERY SEARCH"
Florida Museum,Paralichthys lethostigma,https://www.floridamuseum.ufl.edu/discover-fish/florida-fishes-gallery/southern-flounder/,Coastal,https://www.floridamuseum.ufl.edu/wp-content/uploads/sites/66/2020/02/Plate-228-2048x1054.jpg,output/images_all/florida-museum-southern-flounder-268bb0dc.jpg,florida-museum-southern-flounder-268bb0dc,"Paralichthys lethostigma
Jordan and Gilbert 1884
Family Paralichthyidae
This southern flounder was collected in Gulf County, Florida in 2015. This fish is now part of the Florida Museum ichthyology collection, UF 238169. Florida Museum photo by Zachary Randall

The southern flounder is a member of the sand flounder family. It has a flattened and oval body, with both eyes on the left side. The body and much of the head and fins are covered in cycloid scales, and this species has a large mouth with strong conical teeth in both jaws. The eyes – one above the other – are separated by a flat and non-ridged interorbital space. The lateral line is arched above the pectoral fin. The southern flounder is a marine species that enters rivers, creeks and some lakes in the St. John’s River basin.

Status & distribution
Status — Marine invader
Florida Distribution — Western and North Central drainages and the Atlantic Coast
VIEW SPECIES IN COLLECTION DATABASE NEW GALLERY SEARCH
Similar Species
Bay Whiff"
Florida Museum,Pelmatolapia mariae,https://www.floridamuseum.ufl.edu/discover-fish/florida-fishes-gallery/spotted-tilapia/,Non-flowing freshwater,https://www.floridamuseum.ufl.edu/wp-content/uploads/sites/66/2020/02/Plate-209-2011x2048.jpg,output/images_all/florida-museum-spotted-tilapia-7fc3d4a1.jpg,florida-museum-spotted-tilapia-7fc3d4a1,"Pelmatolapia mariae
(Boulenger 1899)
Family Cichlidae
The photo above shows an adult, top, and a juvenile, bottom, spotted tilapia. These fish are now part of the Florida Museum ichthyology collection. Top: UF 237983 Bottom: UF 237902 Florida Museum photo by Zachary Randall

The spotted tilapia is a member of the cichlid and tilapia family. It has a moderately deep, compressed oval body, and adults have between four and six dark gray to black blotches along the side of the body. Juveniles are yellow to green with between six and eight black bars on the body. There is a black stripe crossing the eye on a diagonal from the nape to an area just posterior to the corner of the mouth, and it is most distinct on juveniles. The black “tilapia spot” is present anteriorly on the dorsal fin, and it is also most prominent in juveniles. The spotted tilapia inhabits roadside ditches, canals, wet prairies, rivers, creeks and lakes.

Status & distribution
Status — Non-indigenous freshwater
Florida Distribution — Western and North Central drainages
River Drainages — Caloosahatchee River, the Everglades and the Indian River
VIEW SPECIES IN COLLECTION DATABASE NEW GALLERY SEARCH
Similar Species
Hornet Tilapia"
Florida Museum,Perca flavescens,https://www.floridamuseum.ufl.edu/discover-fish/florida-fishes-gallery/yellow-perch/,Non-flowing freshwater,https://www.floridamuseum.ufl.edu/wp-content/uploads/sites/66/2020/02/Plate-178-2048x1753.jpg,output/images_all/florida-museum-yellow-perch-eb1f5b78.jpg,florida-museum-yellow-perch-eb1f5b78,"Perca flavescens
(Mitchilli 1814)
Family Percidae
The photo above shows an adult, top, and a juvenile, bottom, yellow perch. These fish are now part of the Florida Museum ichthyology collection, UF 237891. Florida Museum photo by Zachary Randall

The yellow perch is a member of the perch and darter family. It has a compressed and strongly arched body and a large mouth that extends under the pupil of the eye. This species has a forked caudal fin, and the back and side body are yellow with between six and nine green-brown saddles that extend down the side as triangular shaped bars. There is also a black blotch located posteriorly and anteriorly on the dusky first dorsal fin. Large males are brassy gold with bright red anal and pelvic fins. Lakes, ponds and pools of creeks and small to large rivers; usually found near vegetation and woody debris.

Status & distribution
Status — Native freshwater
Florida Distribution — Western and North Central drainages
River Drainages — the Apalachicola River
VIEW SPECIES IN COLLECTION DATABASE NEW GALLERY SEARCH"
Florida Museum,Percina austroperca,https://www.floridamuseum.ufl.edu/discover-fish/florida-fishes-gallery/southern-logperch/,Flowing freshwater,https://www.floridamuseum.ufl.edu/wp-content/uploads/sites/66/2020/02/Plate-179-2048x1262.jpg,output/images_all/florida-museum-southern-logperch-31915ef8.jpg,florida-museum-southern-logperch-31915ef8,"Percina austroperca
Thompson 1995
Family Percidae
The photo above shows a breeding male, top, and a juvenile, bottom, southern logperch. These fish are now part of the Florida Museum ichthyology collection. Top: UF 237763 Bottom: UF 187723 Florida Museum photo by Zachary Randall

The southern logperch is a member of the perch and darter family. It has a slender and cylindrical body and a bulbous snout that extends well beyond the upper jaw. There is a wide, flat area between the eyes and alternating long and short black bars on the side. Large males have a bright orange band in the first dorsal fin and a dusky gray breast, branchiostegal membranes and anal and pelvic fins. Southern logperch live in gravel and mixed sand and gravel runs and riffles of creeks and small to medium rivers.

Status & distribution
Status — Native freshwater
Florida Distribution — Western and North Central drainages
River Drainages — Escambia River and the Choctawhatchee River
VIEW SPECIES IN COLLECTION DATABASE NEW GALLERY SEARCH"
Florida Museum,Percina nigrofasciata,https://www.floridamuseum.ufl.edu/discover-fish/florida-fishes-gallery/blackbanded-darter/,Flowing freshwater,https://www.floridamuseum.ufl.edu/wp-content/uploads/sites/66/2020/02/Plate-180-1602x2048.jpg,output/images_all/florida-museum-blackbanded-darter-4def4929.jpg,florida-museum-blackbanded-darter-4def4929,"Percina nigrofasciata
(Agassiz 1854)
Family Percidae
From top to bottom, the photo above shows a male, female and two juvenile blackbanded darters. These fish are now part of the Florida Museum ichthyology collection, UF 187656, UF 187750 and UF 238549 respectively. Florida Museum photo by Zachary Randall

The blackbanded darter is a member of the perch and darter family. It has a slender and slightly compressed body and between 12 and 15 dark brown to black bars along the side of the body. There is a vertical row of three dark spots on the caudal fin base, and the back and upper side are olive to dusky brown with between six and eight dark saddles on the back. Blackbanded darters can be found in pools, runs and riffles of headwaters, creeks and small to medium rivers. This species is most common in swift water near woody debris or rubble.

Status & distribution
Status — Native freshwater
Florida Distribution — Western and North Central and Peninsula drainages
River Drainages — Perdido River, Escambia River, Blackwater River, Yellow River, Choctawhatchee River, Econfina Creek, Apalachicola River, Ochlockonee River, minor Gulf tributaries, Suwannee River, Withlacoochee River, Lake Okeechobee and the St. John’s River
VIEW SPECIES IN COLLECTION DATABASE NEW GALLERY SEARCH"
Florida Museum,Percina vigil,https://www.floridamuseum.ufl.edu/discover-fish/florida-fishes-gallery/saddleback-darter/,Flowing freshwater,https://www.floridamuseum.ufl.edu/wp-content/uploads/sites/66/2020/02/Plate-181-2048x1249.jpg,output/images_all/florida-museum-saddleback-darter-ed4f00af.jpg,florida-museum-saddleback-darter-ed4f00af,"Percina vigil
(Hay 1882)
Family Percidae
The photo above shows a breeding male, top, and a female, bottom, saddleback darter. These fish are now part of the Florida Museum ichthyology collection, UF 188270. Florida Museum photo by Zachary Randall

The saddleback darter is a member of the perch and darter family. It has an elongated body, a moderately pointed snout and a terminal mouth. The premaxillary frenum is very narrow or absent. Large males have an anal fin extending to almost the caudal fin. Saddleback darters can be found in sand and gravel runs of creeks and small to medium rivers.

Status & distribution
Status — Native freshwater
Florida Distribution — Western and North Central drainages
River Drainages — the Escambia River
VIEW SPECIES IN COLLECTION DATABASE NEW GALLERY SEARCH
Similar Species
Crystal Darter"
Florida Museum,Petromyzon marinus,https://www.floridamuseum.ufl.edu/discover-fish/florida-fishes-gallery/sea-lamprey/,Diadromous,https://www.floridamuseum.ufl.edu/wp-content/uploads/sites/66/2020/02/Plate-3-2048x918.jpg,output/images_all/florida-museum-sea-lamprey-85a18118.jpg,florida-museum-sea-lamprey-85a18118,"Petromyzon marinus
Linnaeus 1758
Family Petromyzontidae
The uppermost sea lamprey in this image was collected from a St. Lawrence River drainage and photographed by Brant Fisher (UF 238556). The bottom sea lamprey larva was collected in an Atlantic Ocean drainage in 1972 (UF 187348).

The sea lamprey is a member of the lamprey family, and has an eel-like body and two dorsal fins. This species of lamprey also has block mottling. The sea lamprey is anadromous, and spawning adults live in gravel riffles and runs of rivers while larvae live in the sand of flowing streams.

The sea lamprey’s oral disk, left, is filled with teeth to help it attach itself to its prey. This specimen was photographed by Brant Fisher and collected in 2015 from a river drainage. The oral hood of a sea lamprey larva is shown on the right. These specimens now belong to the Florida Museum ichthyology collection. Left: UF 238556 Right: UF 187348
Status & distribution
Status — Native freshwater
Florida Distribution — Peninsula drainages
River Drainages — St. John’s River
VIEW SPECIES IN COLLECTION DATABASE NEW GALLERY SEARCH
Similar Species
Southern Brook Lamprey"
Florida Museum,Poecilia latipinna,https://www.floridamuseum.ufl.edu/discover-fish/florida-fishes-gallery/sailfin-molly/,Non-flowing freshwater,https://www.floridamuseum.ufl.edu/wp-content/uploads/sites/66/2020/02/Plate-122-2048x1731.jpg,output/images_all/florida-museum-sailfin-molly-3a5db72a.jpg,florida-museum-sailfin-molly-3a5db72a,"Poecilia latipinna
(Lesueur 1821)
Family Poeciliidae
The photo above shows a male, top, and female, bottom, sailfin molly. These fish are now part of the Florida Museum ichthyology collection, UF 235875. Florida Museum photo by Zachary Randall

The sailfin molly is a member of the livebearer family. It has a deep body, an extremely deep caudal peduncle and a flattened head that is triangular when viewed in profile. This species has an upturned mouth with between five and seven rows of dark brown spots, and iridescent yellow flecks on the side. Large males have a huge sail-like dorsal fin with an orange edge. Sailfin molly can be found in lakes, ponds and sloughs, and in pools and backwaters of creeks and small rivers. It can be found in brackish and freshwater, and is sometimes common in spring effluents.

Status & distribution
Status — Native freshwater
Florida Distribution — Western and North Central and Peninsula drainages
River Drainages — Perdido River, Escambia River, Choctawhatchee River, Apalachicola River, Ochlockonee River, minor Gulf tributaries, Suwannee River, Withlacoochee River, Tampa Bay, the Myakka or Peace River, Lake Okeechobee, Caloosahatchee River, the Everglades, Indian River, the Tolomato or Matanzas River, St. John’s River and the St. Mary’s River
VIEW SPECIES IN COLLECTION DATABASE NEW GALLERY SEARCH
Similar Species
Green Swordtail
Southern Platyfish
Variable Platyfish"
Florida Museum,Pomoxis annularis,https://www.floridamuseum.ufl.edu/discover-fish/florida-fishes-gallery/white-crappie/,Non-flowing freshwater,https://www.floridamuseum.ufl.edu/wp-content/uploads/sites/66/2020/02/Plate-158-2048x1082.jpg,output/images_all/florida-museum-white-crappie-6b02fb39.jpg,florida-museum-white-crappie-6b02fb39,"Pomoxis annularis
Rafinesque 1818
Family Centrarchidae
This white crappie was photographed in Shelby County, Kentucky. Photo courtesy of Matthew R. Thomas

The white crappie is a member of the sunfish family. It has an extremely compressed body with a gray-green back and between six and nine dusky gray chainlike bars. There are black blotches and green flecks on the silver-white side body, and white crappie have a large mouth the extends below the eye. This species has six dorsal spines. White crappie can be found in lakes, ponds, pools and backwaters of creeks and small to large rivers.

Status & distribution
Status — Non-indigenous freshwater
Florida Distribution — Western and North Central drainages
River Drainages — Escambia River, Choctawhatchee River and the Apalachicola River
VIEW SPECIES IN COLLECTION DATABASE NEW GALLERY SEARCH
Similar Species
Black Crappie"
Florida Museum,Pomoxis nigromaculatus,https://www.floridamuseum.ufl.edu/discover-fish/florida-fishes-gallery/black-crappie/,Non-flowing freshwater,https://www.floridamuseum.ufl.edu/wp-content/uploads/sites/66/2020/02/Plate-159_2-2048x1866.jpg,output/images_all/florida-museum-black-crappie-58a29f5a.jpg,florida-museum-black-crappie-58a29f5a,"Pomoxis nigromaculatus
(Lesueur 1829)
Family Centrarchidae
The photo above shows an adult, top, and a juvenile, bottom, black crappie. These fish are now part of the Florida Museum ichthyology collection. Top: UF 237815 Bottom: UF 237760 Florida Museum photo by Zachary Randall

The black crappie is a member of the sunfish family. It has an extremely compressed body with a gray-green back and wavy black lines, and there are blotches and green flecks on the silver-blue side body. This species has a large mouth that extends to under the eye and there are between seven and eight dorsal spines. Black crappie can be found in lakes, ponds and sloughs as well as backwaters and pools of creeks and small to large rivers. These fish are usually found near vegetation.

Status & distribution
Status — Native freshwater
Florida Distribution — Western and North Central and Peninsula drainages
River Drainages — Perdido River, Escambia River, Yellow River, Choctawhatchee River, Econfina Creek, Apalachicola River, Ochlockonee River, minor Gulf tributaries, Suwannee River, Withlacoochee River, Tampa Bay, the Myakka or Peace River, Lake Okeechobee, the Everglades, St. John’s River and the St. Mary’s River
VIEW SPECIES IN COLLECTION DATABASE NEW GALLERY SEARCH
Similar Species
White Crappie"
Florida Museum,Pteronotropis cummingsae,https://www.floridamuseum.ufl.edu/discover-fish/florida-fishes-gallery/dusky-shiner/,Flowing freshwater,https://www.floridamuseum.ufl.edu/wp-content/uploads/sites/66/2020/02/Plate-45-2048x707.jpg,output/images_all/florida-museum-dusky-shiner-ff35e171.jpg,florida-museum-dusky-shiner-ff35e171,"Pteronotropis cummingsae
(Myers 1925)
Family Leuciscidae
The dusky shiner pictured above was collected in Jefferson County, Florida in 2016. It is now part of the Florida Museum ichthyology collection, UF 238526. Florida Museum photo by Zachary Randall

The dusky shiners is a member of the minnow, shiner and chub family. It has a black spot that streaks onto the caudal fin, a slightly subterminal mouth and between ten and eleven anal rays. The dusky shiner has a wide, black and dusky stripe along its side from tip of the snout to the caudal fin. Dusky shiners can be found in sandy pools and runs in creeks and small rivers.

Status & distribution
Status — Native freshwater
Florida Distribution — Western and North Central and Peninsula drainages
River Drainages — Choctawhatchee River, Apalachicola River, Ochlockonee River, minor Gulf tributaries and the Tolomato or Matanzas River
VIEW SPECIES IN COLLECTION DATABASE NEW GALLERY SEARCH
Similar Species
Coastal Shiner
Ironcolor Shiner"
Florida Museum,Pteronotropis grandipinnis,https://www.floridamuseum.ufl.edu/discover-fish/florida-fishes-gallery/apalachee-shiner/,Flowing freshwater,https://www.floridamuseum.ufl.edu/wp-content/uploads/sites/66/2020/02/Plate-52-2048x832.jpg,output/images_all/florida-museum-apalachee-shiner-bbae873b.jpg,florida-museum-apalachee-shiner-bbae873b,"Pteronotropis grandipinnis
(Jordan 1877)
Family Leuciscidae
The Apalachee shiner pictured above was collected in Liberty County, Florida in 2014. It is now part of the Florida Museum ichthyology collection, UF 187797. Florida Museum photo by Zachary Randall

The Apalachee shiner is a member of the minnow, shiner and chub family, and has a deep, compressed body. A pink-red line sits above a broad steel-blue stripe along the side of the body and continues to a black oval at the caudal fin base. There is a yellow margin on large males that also reaches to the caudal fin. The Apalachee shiner can be found in vegetated areas and near woody debris in sandy and muddy pools and runs of headwaters, creeks and small to medium rivers.

Status & distribution
Status — Native freshwater
Florida Distribution — Western and North Central drainages
River Drainages — the Apalachicola River
VIEW SPECIES IN COLLECTION DATABASE NEW GALLERY SEARCH
Similar Species
Sailfin Shiner
Metallic Shiner"
Florida Museum,Pteronotropis harperi,https://www.floridamuseum.ufl.edu/discover-fish/florida-fishes-gallery/redeye-chub/,Flowing freshwater,https://www.floridamuseum.ufl.edu/wp-content/uploads/sites/66/2020/02/Plate-53-2048x722.jpg,output/images_all/florida-museum-redeye-chub-d6815fc9.jpg,florida-museum-redeye-chub-d6815fc9,"Pteronotropis harperi
(Fowler 1941)
Family Leuciscidae
The redeye chub pictured above was collected in Walton County, Florida in 2014 and is now part of the Florida Museum ichthyology collection, UF 187747. Florida Museum photo by Zachary Randall

The redeye chub is a member of the minnow, shiner and chub family, and has a pinkish-tan top side and a red eye. There is a prominent dark stripe along the side, ending at a large black blotch at the caudal fin base. A black stripe extends around the snout and onto the upper lip, strongly contrasting with the tan to light yellow snout. There is a small barbel at the corner of the slightly subterminal mouth. Redeye chubs can be found in springs, spring-fed creeks and small rivers.

Status & distribution
Status — Native freshwater
Florida Distribution — Western and North Central and Peninsula drainages
River Drainages — Escambia River, Yellow River, Choctawhatchee River, Econfina Creek, Apalachicola River, Ochlockonee River, minor Gulf tributaries, Suwannee River Withlacoochee River and the St. John’s River
VIEW SPECIES IN COLLECTION DATABASE NEW GALLERY SEARCH
Similar Species
Ironcolor Shiner
Bluenose Shiner"
Florida Museum,Pteronotropis hypselopterus,https://www.floridamuseum.ufl.edu/discover-fish/florida-fishes-gallery/sailfin-shiner/,Flowing freshwater,https://www.floridamuseum.ufl.edu/wp-content/uploads/sites/66/2020/02/Plate-54-2048x1651.jpg,output/images_all/florida-museum-sailfin-shiner-54c2ff0b.jpg,florida-museum-sailfin-shiner-54c2ff0b,"Pteronotropis hypselopterus
(Günther 1868)
Family Leuciscidae
The picture above shows two sailfin shiners collected from Okloosa County Florida, top, and Walton County, Florida, bottom. These fish are now part of the Florida Museum ichthyology collection. Top: UF 237734 Bottom: UF 187751 Florida Museum photo by Zachary Randall

The sailfin shiner is a member of the minnow, shiner and chub family, and has a deep, compressed body with a pink-red line above a broad steel-blue stripe along the side body. Large males have an orange margin on the black dorsal fin and orange caudal and anal fins. This species can be found in vegetated areas and near woody debris in sandy and muddy pools and runs of headwaters, creeks and small to large rivers.

Status & distribution
Status — Native freshwater
Florida Distribution — Western and North Central drainages
River Drainages — Perdido River, Escambia River, Blackwater River, Yellow River, Choctawhatchee River and Econfina Creek
VIEW SPECIES IN COLLECTION DATABASE NEW GALLERY SEARCH
Similar Species
Apalachee Shiner
Metallic Shiner
Flagfin Shiner"
Florida Museum,Pteronotropis metallicus,https://www.floridamuseum.ufl.edu/discover-fish/florida-fishes-gallery/metallic-shiner/,Flowing freshwater,https://www.floridamuseum.ufl.edu/wp-content/uploads/sites/66/2020/02/Plate-55-600x450.jpg,output/images_all/florida-museum-metallic-shiner-d51d7ecc.jpg,florida-museum-metallic-shiner-d51d7ecc,"Pteronotropis metallicus
(Jordan and Meek 1884)
Family Leuciscidae
The metallic shiners shown above were collected in Jefferson County in 2016. They are now part of the Florida Museum ichthyology collection, UF 238527. Florida Museum photo by Zachary Randall

The metallic shiner is a member of the minnow, shiner and chub family and has a deep, compressed body with a pink-red line above a broad steel-blue stripe along the side body.  Black pigment on each fin creates the effect of a row of dark crescents, and the fins have a clear to light brown margin. Metallic shiners can be found in vegetated areas, and near woody debris in sandy and muddy pools and runs of headwaters, creeks and small to medium rivers.

Status & distribution
Status — Native freshwater
Florida Distribution — Western and North Central; Peninsula drainages
River Drainages — Ochlockonee River, minor Gulf tributaries, Suwannee River, Withlacoochee River, Tampa Bay, the Myakka or Peace River, the Tolomato or Matanzas River, St. John’s River and St. Mary’s River
VIEW SPECIES IN COLLECTION DATABASE NEW GALLERY SEARCH
Similar Species
Sailfin Shiner
Apalachee Shiner"
Florida Museum,Pteronotropis signipinnis,https://www.floridamuseum.ufl.edu/discover-fish/florida-fishes-gallery/flagfin-shiner/,Flowing freshwater,https://www.floridamuseum.ufl.edu/wp-content/uploads/sites/66/2020/02/Plate-56-2048x788.jpg,output/images_all/florida-museum-flagfin-shiner-536d8345.jpg,florida-museum-flagfin-shiner-536d8345,"Pteronotropis signipinnis
(Bailey and Suttkus 1952)
Family Leuciscidae
The flagfin shiner shown above was collected in Okaloosa County, Florida in 2013. It is now part of the Florida Museum ichthyology collection, UF 185473. Florida Museum photo by Zachary Randall

The flagfin shiner is a member of the minnow, shiner and chub family, and has a yellow to red upper side and dusky olive-gold back. There is a broad blue-black stripe with vertical orange dashes present along the side, and the pelvic fins are yellow with a red-orange margin. This shiner can be found in vegetated areas and in sandy pools and runs of headwaters, creeks and small rivers.

Status & distribution
Status — Native freshwater
Florida Distribution — Western and North Central drainages
River Drainages — Perdido River, Escambia River, Blackwater River, Yellow River, Choctawhatchee River and Econfina Creek
VIEW SPECIES IN COLLECTION DATABASE NEW GALLERY SEARCH
Similar Species
Metallic Shiner
Sailfin Shiner"
Florida Museum,Pteronotropis welaka,https://www.floridamuseum.ufl.edu/discover-fish/florida-fishes-gallery/bluenose-shiner/,Non-flowing freshwater,https://www.floridamuseum.ufl.edu/wp-content/uploads/sites/66/2020/02/Plate-57-1392x1536.jpg,output/images_all/florida-museum-bluenose-shiner-fa22f2ae.jpg,florida-museum-bluenose-shiner-fa22f2ae,"Pteronotropis welaka
(Evermannn and Kendall 1898)
Family Leuciscidae
A breeding male bluenose shiner, top, is pictured above. This shiner was photographed in 2002 by Howard L. Jelks, U.S. Geological Survey. The bottom two shiners were collected in 2015. They are now part of the Florida Museum ichthyology collection. Middle: UF 187916 Bottom: UF 236755. Florida Museum photos by Zachary Randall

The bluenose shiner is a member of the minnow, shiner and chub family. This species has a slender body, a light pink to yellow stripe above a black stripe along the side from the chin to the caudal fin and a slightly subterminal mouth. It has a bright blue snout, silver coloration on the side body and an oversized, mostly black dorsal fin. The bluenose shiner lives over mud and sand in backwaters, and in quiet vegetated pools of creeks and small to medium rivers. This species is usually found in water deeper than three feet.

Status & distribution
Status — Native freshwater
Florida Distribution — Western and North Central and Peninsula drainages
River Drainages — Escambia River, Blackwater River, Yellow River, Choctawhatchee River, Apalachicola River and the St. John’s River
VIEW SPECIES IN COLLECTION DATABASE NEW GALLERY SEARCH
Similar Species
Redeye Chub
Ironcolor Shiner"
Florida Museum,Pylodictis olivaris,https://www.floridamuseum.ufl.edu/discover-fish/florida-fishes-gallery/flathead-catfish/,Flowing freshwater,https://www.floridamuseum.ufl.edu/wp-content/uploads/sites/66/2020/02/Plate-75-2048x1022.jpg,output/images_all/florida-museum-flathead-catfish-73889f54.jpg,florida-museum-flathead-catfish-73889f54,"Pylodictis olivaris
(Rafinesque 1818)
Family Ictaluridae
The photo above shows the flathead catfish’s four pairs of barbels. This fish was collected in Marion, Alabama. It is now part of the Florida Museum ichthyology collection, UF 238412. Florida Museum photo by Zachary Randall

The flathead catfish is a member of the North American catfish family, and has a wide, flat head, with the lower jaw projecting beyond the upper jaw. The breast, belly and chin barbels of this species are white to yellow, and there is a white tip on the upper lobe of the caudal fin that disappears in very large individuals. Flathead catfish can be found in deep lakes, impoundments and pools of small to large rivers. Juveniles are usually found in rocky and sandy runs and riffles

The photo above shows an adult, top, and juvenile, bottom, flathead catfish. These fish are now part of the Florida Museum ichthyology collection. Top: UF 238412 Bottom: UF 238038 Florida Museum photo by Zachary Randall
Status & distribution
Status — Non-indigenous freshwater
Florida Distribution — Western and North Central drainages
River Drainages — Perdido River, Escambia River, Apalachicola River and the Suwannee River
VIEW SPECIES IN COLLECTION DATABASE NEW GALLERY SEARCH"
Florida Museum,Rocio octofasciata,https://www.floridamuseum.ufl.edu/discover-fish/florida-fishes-gallery/jack-dempsey/,Non-flowing freshwater,https://www.floridamuseum.ufl.edu/wp-content/uploads/sites/66/2020/02/Plate-210-2048x1973.jpg,output/images_all/florida-museum-jack-dempsey-4a0e43f0.jpg,florida-museum-jack-dempsey-4a0e43f0,"Rocio octofasciata
(Regan 1903)
Family Cichlidae
The photo above shows a breeding male, top, and a juvenile, bottom, Jack Dempsey. These fish are now part of the Florida Museum ichthyology collection. Top: UF 236170 Bottom: UF 238545 Florida Museum photo by Zachary Randall

The Jack Dempsey is a member of the cichlid and tilapia family. It has a compressed and moderately deep body with an oval to slightly rectangular shape. This species has a beige to dark brown body with between eight and ten indistinct bars and two black lines crossing the head between the eyes. The head, body and fins of adults have rows of brilliant green and blue spots. The ventral margin of the lower lip is interrupted by a narrow symphyseal frenum. This species has between eight and ten anal spines and a rounded caudal fin. The Jack Dempsey inhabits drainage ditches, canals, rivers and creeks with aquatic vegetation and little to no current.

Status & distribution
Status — Non-indigenous freshwater
Florida Distribution — Peninsula drainages
River Drainages — Withlacoochee River, Tampa Bay, Everglades, Indian River and the St. John’s River
VIEW SPECIES IN COLLECTION DATABASE NEW GALLERY SEARCH
Similar Species
Yellowbelly Cichlid"
Florida Museum,Sarotherodon melanotheron,https://www.floridamuseum.ufl.edu/discover-fish/florida-fishes-gallery/blackchin-tilapia/,Coastal,https://www.floridamuseum.ufl.edu/wp-content/uploads/sites/66/2020/02/Plate-211-2048x1179.jpg,output/images_all/florida-museum-blackchin-tilapia-83a65e0b.jpg,florida-museum-blackchin-tilapia-83a65e0b,"Sarotherodon melanotheron
(Rüppell 1852)
Family Cichlidae
The blackchin tilapia shown above was collected in Brevard County, Florida in 2014. It is now part of the Florida Museum ichthyology collection, UF 187787. Florida Museum photo by Zachary Randall

The blackchin tilapia is a member of the cichlid and tilapia family. This species is deep-bodied and compressed, with olive to metallic green coloration apparent dorsally, silver with bronze streaks apparent laterally and bright white coloration apparent ventrally. Adults have scattered, irregular black blotches on the lower part of the head, extending onto the body in some individuals. This species has a small mouth, and the black “tilapia spot” is located anteriorly on the base of the second dorsal fin and most prominently on juveniles. The blackchin tilapia inhabits a variety of freshwater, estuarine and marine habitats ranging from creeks and rivers, drainage ditches, canals and ponds to shallow backwater coastal lagoons and bays.

Status & distribution
Status — Non-indigenous freshwater
Florida Distribution — Peninsula drainages
River Drainages — Tampa Bay, the Everglades and the Indian River
VIEW SPECIES IN COLLECTION DATABASE NEW GALLERY SEARCH
Similar Species
Blue Tilapia
Mozambique Tilapia
Nile Tilapia"
Florida Museum,Sciaenops ocellatus,https://www.floridamuseum.ufl.edu/discover-fish/florida-fishes-gallery/red-drum/,Coastal,https://www.floridamuseum.ufl.edu/wp-content/uploads/sites/66/2020/02/Plate-192-2048x1381.jpg,output/images_all/florida-museum-red-drum-f8dd9aad.jpg,florida-museum-red-drum-f8dd9aad,"Sciaenops ocellatus
(Linnaeus 1766)
Family Sciaenidae
The photo above shows an adult, top, and a juvenile, bottom, red drum. These fish are now part of the Florida Museum ichthyology collection. Top: UF 188005 Bottom: UF 187969 Florida Museum photo by Zachary Randall

The red drum is a member of the drum and croaker family. It has an elongate, fusiform body with a gently rounded dorsal profile. This species has a large and subterminal mouth, and the maxilla extends beyond the eye. There are no barbels on the chin, and one or more large ocelli may be found at the caudal fin base, caudal peduncle or below the second dorsal fin. The red drum is a marine species that enters nearshore water bodies including rivers, creeks, canals and ditches. This species is only found over sandy or muddy substrate.

Status & distribution
Status — Marine invader
Florida Distribution — Western and North Central; Gulf Coast; South Florida; Atlantic Coast
VIEW SPECIES IN COLLECTION DATABASE NEW GALLERY SEARCH
Similar Species
Atlantic Croaker"
Florida Museum,Semotilus thoreauianus,https://www.floridamuseum.ufl.edu/discover-fish/florida-fishes-gallery/dixie-chub/,Flowing freshwater,https://www.floridamuseum.ufl.edu/wp-content/uploads/sites/66/2020/02/Plate-58-2048x1366.jpg,output/images_all/florida-museum-dixie-chub-ee22d66d.jpg,florida-museum-dixie-chub-ee22d66d,"Semotilus thoreauianus
Jordan 1877
Family Leuciscidae
A female, top, and juvenile, bottom, Dixie chub are pictured above. Collected from Santa Rosa County, Florida in 2015, they are now part of the Florida Museum ichthyology collection, UF 237803. Florida Museum photo by Zachary Randall

The Dixie chub is a member of the minnow, shiner and chub family, and has a large black spot at the front of the dorsal fin base and another at the caudal fin base. It has a large terminal mouth, and a small flaplike barbel sits in a groove above – not in – the mouth’s corner. The lateral think is complete with between 45 and 52 pored scales. The Dixie chub can be found in sandy and gravelly pools of headwaters, creeks and small rivers.

Status & distribution
Status — Native freshwater
Florida Distribution — Western and North Central drainages
River Drainages — Perdido River, Escambia River, Blackwater River, Yellow River, Choctawhatchee River, Econfina Creek, Apalachicola River and the Ochlockonee River
VIEW SPECIES IN COLLECTION DATABASE NEW GALLERY SEARCH
Similar Species
Bluehead Chub"
Florida Museum,Strongylura marina,https://www.floridamuseum.ufl.edu/discover-fish/florida-fishes-gallery/atlantic-needlefish/,Coastal,https://www.floridamuseum.ufl.edu/wp-content/uploads/sites/66/2020/02/Plate-97-2048x578.jpg,output/images_all/florida-museum-atlantic-needlefish-27c6a8cc.jpg,florida-museum-atlantic-needlefish-27c6a8cc,"Strongylura marina
(Walbaum 1792)
Family Belonidae
The Atlantic needlefish pictured above was collected in Gulf County, Florida in 2015. It is now part of the Florida Museum ichthyology collection, UF 238036. Florida Museum photo by Zachary Randall

The Atlantic needlefish is a member of the needlefish family. It has between 213 and 304 tiny pre-dorsal scales, and dark pigment behind the eye that typically doesn’t extend below a line level with the middle of it. This species has between 16 and 20 anal rays and an overall slender and semicylindrical body. The Atlantic needlefish is a marine species that enters the surface waters of rivers, sloughs, canals and some lakes.

Status & distribution
Status — Marine invader
Florida Distribution — Western and North Central; Gulf Coast; South Florida; Atlantic Coast
VIEW SPECIES IN COLLECTION DATABASE NEW GALLERY SEARCH
Similar Species
Timucú
Redfin Needlefish"
Florida Museum,Strongylura notata,https://www.floridamuseum.ufl.edu/discover-fish/florida-fishes-gallery/redfin-needlefish/,Coastal,https://www.floridamuseum.ufl.edu/wp-content/uploads/sites/66/2020/02/Plate-98-2048x666.jpg,output/images_all/florida-museum-redfin-needlefish-f23e6659.jpg,florida-museum-redfin-needlefish-f23e6659,"Strongylura notata
(Poey 1880)
Family Belonidae
This redfin needlefish was collected in Miami-Dade County, Florida in 2015. It is now part of the Florida Museum ichthyology collection, UF 237861. Florida Museum photo by Zachary Randall

The redfin needlefish is a member of the needlefish family. This fish has a slender, semicylindrical and elongate body, and has narrow and long jaws with needlelike teeth. The maxilla is covered by preorbital bone when mouth is closed. Redfin needlefish have between 76 and 117 large pre-dorsal scales, and a narrow black bar on anterior gill cover margin. This fish has between 12 and 15 anal rays. The redfin needlefish is a marine species that enters the surface waters of rivers, sloughs and canals.

Status & distribution
Status — Marine invader
Florida Distribution — the Gulf Coast and in South Florida
VIEW SPECIES IN COLLECTION DATABASE NEW GALLERY SEARCH
Similar Species
Timucú
Atlantic Needlefish"
Florida Museum,Strongylura timucu,https://www.floridamuseum.ufl.edu/discover-fish/florida-fishes-gallery/timucu/,Coastal,https://www.floridamuseum.ufl.edu/wp-content/uploads/sites/66/2020/02/Plate-99-2048x595.jpg,output/images_all/florida-museum-timucu-6272d62c.jpg,florida-museum-timucu-6272d62c,"Strongylura timucu
(Walbaum 1792)
Family Belonidae
The Timucú pictured above was collected in Miami-Dade County, Florida in 2015. It is now part of the Florida Museum ichthyology collection, UF 237861. Florida Museum photo by Zachary Randall

The Timucú needlefish is a member of the needlefish family. It has a slender, semicylindrical and elongate body. This species has between 120 and 185 pre-dorsal scales and dark pigment behind the eye in a diffuse stripe. The lower edge of this stripe extends to a line level with the lower margin of the eye, and the preorbital bone is densely pigmented. The Timucú is a marine species that enters surface waters of rivers, sloughs, canals and some lakes.

Status & distribution
Status — Marine invader
Florida Distribution — Western and North Central drainages, the Gulf Coast and in South Florida
VIEW SPECIES IN COLLECTION DATABASE NEW GALLERY SEARCH
Similar Species
Atlantic Needlefish
Redfin Needlefish"
Florida Museum,Syngnathus scovelli,https://www.floridamuseum.ufl.edu/discover-fish/florida-fishes-gallery/gulf-pipefish/,Coastal,https://www.floridamuseum.ufl.edu/wp-content/uploads/sites/66/2020/02/Plate-127-600x450.jpg,output/images_all/florida-museum-gulf-pipefish-9b9bacf6.jpg,florida-museum-gulf-pipefish-9b9bacf6,"Syngnathus scovelli
(Evermann and Kendall 1896)
Family Syngnathidae
The photo above features three female Gulf pipefish. Two of these fish are now part of the Florida Museum ichthyology collection. Middle: UF 238416 Bottom: UF 187995 Florida Museum photo by Zachary Randall

The Gulf pipefish is a member of the pipefish and seahorse family. It has between 16 and 17 trunk rings, and between 30 and 34 tail rings. This species has irregularly shaped, thin and silvery bars on the lower half of each trunk ring. Males have a flatter belly, are more elongate and possess a deep ventral pouch for incubating eggs and developing embryos. The body is slender and snakelike overall. The Gulf pipefish is a marine species that inhabits a variety of freshwater habitats including creeks, rivers, springs and lakes. This species can often be found far from the sea.

Status & distribution
Status — Marine invader
Florida Distribution — Gulf Coast, South Florida and Atlantic Coast
VIEW SPECIES IN COLLECTION DATABASE NEW GALLERY SEARCH
Similar Species
Opossum Pipefish"
Florida Museum,Trichopsis vittata,https://www.floridamuseum.ufl.edu/discover-fish/florida-fishes-gallery/croaking-gourami/,Non-flowing freshwater,https://www.floridamuseum.ufl.edu/wp-content/uploads/sites/66/2020/02/Plate-225-2048x1244.jpg,output/images_all/florida-museum-croaking-gourami-3be5e06e.jpg,florida-museum-croaking-gourami-3be5e06e,"Trichopsis vittata
(Cuvier 1831)
Family Osphronemidae
This croaking gourami was collected in Palm Beach County, Florida in 2014. It is now part of the Florida Museum ichthyology collection, UF 236206. Florida Museum photo by Zachary Randall

The croaking gourami is a member of the gourami family. It is compressed with a pointed snout and an upturned, protractile mouth. The upper and lower jaws have a band of fixed conical teeth. The anal fin is long with between four and eight spines and between 25 and 28 rays. The dorsal, anal, caudal and pelvic fins of adults often have long and filamentous rays. The body color is variable, but there are typically between two and four dark brown to grayish black stripes on the side that often extend anteriorly across the gill cover and cheek. The croaking gourami inhabits densely vegetated canals, drainage ditches, ponds and wet prairies with mud to sandy-mud bottoms.

Status & distribution
Status — Non-indigenous freshwater
Florida Distribution — Peninsula drainages
River Drainages — the Everglades
VIEW SPECIES IN COLLECTION DATABASE NEW GALLERY SEARCH"
Florida Museum,Trichromus salvini,https://www.floridamuseum.ufl.edu/discover-fish/florida-fishes-gallery/yellowbelly-cichlid/,Non-flowing freshwater,https://www.floridamuseum.ufl.edu/wp-content/uploads/sites/66/2020/02/Plate-212-2048x1051.jpg,output/images_all/florida-museum-yellowbelly-cichlid-d13386c2.jpg,florida-museum-yellowbelly-cichlid-d13386c2,"Trichromus salvini
(Günther 1862)
Family Cichlidae
The yellowbelly cichlid shown above was collected in Broward County, Florida in 2013. It is now part of the Florida Museum ichthyology collection, UF 187034. Florida Museum photo by Zachary Randall

The yellowbelly cichlid is a member of the cichlid and tilapia family. It has a compressed body with a pointed snout and two black stripes on the upper half of the body. This species has a beige to yellow body with tinges of light blue on the scales along the fin elements, and there are stripes on the head as well as surrounding the basicaudal spot. Breeding males are bright yellow or orange with a red lower side and anal fin. The ventral margin of the lower lip lacks a symphyseal frenum. The yellowbelly cichlid inhabits canals, creeks and borrow-pit lakes.

Status & distribution
Status — Non-indigenous freshwater
Florida Distribution — Peninsula drainages
River Drainages — the Everglades
VIEW SPECIES IN COLLECTION DATABASE NEW GALLERY SEARCH
Similar Species
Jack Dempsey"
Florida Museum,Trinectes maculatus,https://www.floridamuseum.ufl.edu/discover-fish/florida-fishes-gallery/hogchoker/,Coastal,https://www.floridamuseum.ufl.edu/wp-content/uploads/sites/66/2020/02/Plate-229-2048x1306.jpg,output/images_all/florida-museum-hogchoker-105fb4d2.jpg,florida-museum-hogchoker-105fb4d2,"Trinectes maculatus
(Bloch and Schneider 1801)
Family Achiridae
This hogchoker was collected in Lee County, Florida in 2015. It is now part of the Florida Museum ichthyology collection, UF 238077. Florida Museum photo by Zachary Randall

The hogchoker is a member of the American sole family. This species has a flattened and oblong body, a rounded snout and no pectoral fins. The eyes are on the right side of the head and the lateral line is straight, continuing to the caudal fin edge. The upper side of the body is brown with dusky to black bars and blotches, and the lower side of the body is white. The hogchoker is a marine species that enters sandy – sometimes muddy – runs and pools of streams. This species can often be found far inland.

Status & distribution
Status — Marine invader
Florida Distribution — Western and North Central drainages, the Gulf Coast, South Florida and the Atlantic Coast
VIEW SPECIES IN COLLECTION DATABASE NEW GALLERY SEARCH
Similar Species
Bay Whiff
Southern Flounder"
Florida Museum,Umbra pygmaea,https://www.floridamuseum.ufl.edu/discover-fish/florida-fishes-gallery/eastern-mudminnow/,Non-flowing freshwater,https://www.floridamuseum.ufl.edu/wp-content/uploads/sites/66/2020/02/Plate-89-2048x827.jpg,output/images_all/florida-museum-eastern-mudminnow-3692a290.jpg,florida-museum-eastern-mudminnow-3692a290,"Umbra pygmaea
(DeKay 1842)
Family Esocidae
The eastern mudminnow in the photo above was collected in Columbia County, Florida. It is now part of the Florida Museum ichthyology collection, UF 238468. Florida Museum photo by Zachary Randall

The eastern mudminnow is a member of the pike and mudminnow family. It has a green to dark brown, long and cylindrical body with no lateral line and a rounded caudal fin. Eastern mudminnows can be found in vegetated backwaters of creeks, and in small rivers, sloughs, swamps and other wetlands.

Status & distribution
Status — Native freshwater
Florida Distribution — Western and North Central and Peninsula drainages
River Drainages — Minor Gulf tributaries, Suwannee River. St. John’s River and the St. Mary’s River
VIEW SPECIES IN COLLECTION DATABASE NEW GALLERY SEARCH
Similar Species
Mangrove Rivulus"
Florida Museum,Vieja melanurus,https://www.floridamuseum.ufl.edu/discover-fish/florida-fishes-gallery/redhead-cichlid/,Non-flowing freshwater,https://www.floridamuseum.ufl.edu/wp-content/uploads/sites/66/2020/02/Plate-213_2-2048x2002.jpg,output/images_all/florida-museum-redhead-cichlid-5b879a9c.jpg,florida-museum-redhead-cichlid-5b879a9c,"Vieja melanurus
(Günther 1862)
Family Cichlidae
The photo above shows a breeding male, top, and a juvenile, bottom, redhead cichlid. These fish are now part of the Florida Museum ichthyology collection. Top: UF 237819 Bottom: UF 237948 Florida Museum photo by Zachary Randall

The redhead cichlid is a member of the cichlid and tilapia family. It has an oval, compressed body with a short head, pointed snout and a small mouth. There are a series of black blotches – or a black stripe – that extend from the slightly anterior region to, and along, much of the lower lateral line onto the caudal fin base. Breeding males are bright red-orange or yellow and develop a large nuchal hump. The anal fin has between five and seven spines, and the caudal fin edge is truncated to slightly rounded. The redhead cichlid inhabits canals.

The photo above shows two adult redhead cichlids collected from Palm Beach County, Florida. They are now part of the Florida Museum ichthyology collection, UF 237819. Florida Museum photo by Zachary Randall
Status & distribution
Status — Non-indigenous freshwater
Florida Distribution — Peninsula drainages
River Drainages — the Everglades
VIEW SPECIES IN COLLECTION DATABASE NEW GALLERY SEARCH"
Florida Museum,Xiphophorus hellerii,https://www.floridamuseum.ufl.edu/discover-fish/florida-fishes-gallery/green-swordtail/,Non-flowing freshwater,https://www.floridamuseum.ufl.edu/wp-content/uploads/sites/66/2020/02/Plate-123-2048x1485.jpg,output/images_all/florida-museum-green-swordtail-57051463.jpg,florida-museum-green-swordtail-57051463,"Xiphophorus hellerii
Heckel 1848
Family Poeciliidae
The photo above shows a male, top, and a female, bottom, green swordtail. The male swordtail is now part of the Florida Museum ichthyology collection, UF 237873. Florida Museum photo by Zachary Randall

The green swordtail is a member of the livebearer family. It has a compressed, moderately elongate body, and a triangular head when viewed in profile. This species has an upturned mouth, and the teeth and both jaws are conical and in two series. The lower lobe of caudal fin of the male has a well-developed “swordtail.” Green swordtails can be found in creeks and roadside ditches with slow to sluggish current and aquatic vegetation.

Status & distribution
Status — Non-indigenous freshwater
Florida Distribution — Western and North Central and Peninsula drainages
River Drainages — Choctawhatchee River, Tampa Bay the Everglades and the Indian River
VIEW SPECIES IN COLLECTION DATABASE NEW GALLERY SEARCH
Similar Species
Southern Platyfish
Variable Platyfish
Sailfin Molly"
Florida Museum,Xiphophorus maculatus,https://www.floridamuseum.ufl.edu/discover-fish/florida-fishes-gallery/southern-platyfish/,Non-flowing freshwater,https://www.floridamuseum.ufl.edu/wp-content/uploads/sites/66/2020/02/Plate-124-2048x892.jpg,output/images_all/florida-museum-southern-platyfish-083272f5.jpg,florida-museum-southern-platyfish-083272f5,"Xiphophorus maculatus
(Günther 1866)
Family Poeciliidae
The southern platyfish in the photo above was collected in Palm Beach County, Florida in 2013. It is now part of the Florida Museum ichthyology collection, UF 187064. Florida Museum photo by Zachary Randall

The southern platyfish is a member of the livebearer family. It has a short, moderately deep body, and the teeth in both jaws are conical and in a single series. Body coloration is variable, but is typically olive-brown with black spots or blotches, but no stripes. There is a large black spot or crescent-shaped blotch. Southern platyfish can be found in creeks and ditches with sluggish water, silty mud substrates and aquatic vegetation.

Status & distribution
Status — Non-indigenous freshwater
Florida Distribution — Peninsula drainages

River Drainages — Tampa Bay, the Everglades and the Indian River

VIEW SPECIES IN COLLECTION DATABASE NEW GALLERY SEARCH
Similar Species
Green Swordtail
Variable Platyfish
Sailfin Molly"
Florida Museum,Xiphophorus variatus,https://www.floridamuseum.ufl.edu/discover-fish/florida-fishes-gallery/variable-platyfish/,Non-flowing freshwater,https://www.floridamuseum.ufl.edu/wp-content/uploads/sites/66/2020/02/Plate-125-1775x2048.jpg,output/images_all/florida-museum-variable-platyfish-c588bbd1.jpg,florida-museum-variable-platyfish-c588bbd1,"Xiphophorus variatus
(Meek 1904)
Family Poeciliidae
The photo above shows a male variable platyfish, top, and two females. The female platyfish are now part of the Florida Museum ichthyology collection. Middle: UF 238436 Bottom: UF 235559 Florida Museum photo by Zachary Randall

The variable platyfish is a member of the livebearer family. It has a moderately elongate and compressed body. This species has an upturned mouth, and the teeth in both jaws are conical and in a single series. Body coloration is highly variable, ranging from olive-brown on the back and side and silvery-white below, to yellow-orange all over. There are two or more dark zigzag stripes present on the side. Variable platyfish can be found in canals and ditches with little to no flow, often with dense growths of submerged vegetation and soft muddy substrates.

Status & distribution
Status — Non-indigenous freshwater
Florida Distribution — Peninsula drainages
River Drainages — Tampa Bay, the Everglades, Indian River and the St. John’s River
VIEW SPECIES IN COLLECTION DATABASE NEW GALLERY SEARCH
Similar Species
Sailfin Molly
Southern Platyfish
Green Swordtail"
